County,County Code,Deaths,Population
"Autauga County, AL",1001,53,276908
"Baldwin County, AL",1003,200,1020551
"Barbour County, AL",1005,15,131687
"Bibb County, AL",1007,19,112912
"Blount County, AL",1009,48,288981
"Butler County, AL",1013,12,100538
"Calhoun County, AL",1015,112,577611
"Chambers County, AL",1017,39,169917
"Cherokee County, AL",1019,26,129681
"Chilton County, AL",1021,31,219833
"Choctaw County, AL",1023,10,65857
"Clarke County, AL",1025,19,123302
"Clay County, AL",1027,15,67452
"Cleburne County, AL",1029,13,74916
"Coffee County, AL",1031,36,256158
"Colbert County, AL",1033,42,272133
"Coosa County, AL",1037,13,53843
"Covington County, AL",1039,29,188185
"Cullman County, AL",1043,91,409331
"Dale County, AL",1045,35,247385
"Dallas County, AL",1047,25,204061
"DeKalb County, AL",1049,61,355725
"Elmore County, AL",1051,80,406823
"Escambia County, AL",1053,37,188680
"Etowah County, AL",1055,83,515838
"Fayette County, AL",1057,23,83556
"Franklin County, AL",1059,28,157952
"Geneva County, AL",1061,19,133251
"Hale County, AL",1065,10,75422
"Henry County, AL",1067,18,86018
"Houston County, AL",1069,73,520436
"Jackson County, AL",1071,69,262082
"Jefferson County, AL",1073,449,3299357
"Lauderdale County, AL",1077,70,463345
"Lawrence County, AL",1079,30,166472
"Lee County, AL",1081,94,782776
"Limestone County, AL",1083,61,458450
"Macon County, AL",1087,10,95936
"Madison County, AL",1089,293,1768293
"Marion County, AL",1093,28,150604
"Marshall County, AL",1095,87,474826
"Mobile County, AL",1097,317,2073388
"Monroe County, AL",1099,15,108713
"Montgomery County, AL",1101,128,1132362
"Morgan County, AL",1103,118,596789
"Pike County, AL",1109,21,166327
"Randolph County, AL",1111,26,113284
"Russell County, AL",1113,46,294070
"St. Clair County, AL",1115,81,436297
"Shelby County, AL",1117,150,1043775
"Talladega County, AL",1121,74,403448
"Tallapoosa County, AL",1123,34,204620
"Tuscaloosa County, AL",1125,113,1020922
"Walker County, AL",1127,77,325788
"Washington County, AL",1129,14,83802
"Winston County, AL",1133,21,119700
"Anchorage Borough, AK",2020,330,1493203
"Bethel Census Area, AK",2050,38,89616
"Fairbanks North Star Borough, AK",2090,111,499732
"Juneau Borough, AK",2110,34,162384
"Kenai Peninsula Borough, AK",2122,84,289806
"Ketchikan Gateway Borough, AK",2130,13,68827
"Kodiak Island Borough, AK",2150,12,69190
"Matanuska-Susitna Borough, AK",2170,112,505066
"Nome Census Area, AK",2180,34,49393
"North Slope Borough, AK",2185,15,48464
"Northwest Arctic Borough, AK",2188,20,38511
"Valdez-Cordova Census Area, AK",2261,14,47246
"Wade Hampton Census Area, AK",2270,51,40357
"Yukon-Koyukuk Census Area, AK",2290,16,27666
"Apache County, AZ",4001,119,359954
"Cochise County, AZ",4003,158,633874
"Coconino County, AZ",4005,156,695002
"Gila County, AZ",4007,87,266388
"Graham County, AZ",4009,42,188170
"La Paz County, AZ",4012,39,101625
"Maricopa County, AZ",4013,3317,20814580
"Mohave County, AZ",4015,366,1023577
"Navajo County, AZ",4017,156,542682
"Pima County, AZ",4019,972,5050070
"Pinal County, AZ",4021,323,2046629
"Santa Cruz County, AZ",4023,22,232121
"Yavapai County, AZ",4025,379,1109962
"Yuma County, AZ",4027,131,1021888
"Arkansas County, AR",5001,15,91985
"Ashley County, AR",5003,17,103844
"Baxter County, AR",5005,66,205284
"Benton County, AR",5007,224,1253881
"Boone County, AR",5009,51,186499
"Carroll County, AR",5015,30,138846
"Clark County, AR",5019,12,112902
"Clay County, AR",5021,15,75469
"Cleburne County, AR",5023,26,127099
"Columbia County, AR",5027,24,119739
"Conway County, AR",5029,19,105200
"Craighead County, AR",5031,95,521310
"Crawford County, AR",5033,68,310303
"Crittenden County, AR",5035,30,246242
"Cross County, AR",5037,19,85959
"Drew County, AR",5043,14,93383
"Faulkner County, AR",5045,95,607781
"Franklin County, AR",5047,21,89057
"Fulton County, AR",5049,12,60811
"Garland County, AR",5051,147,487807
"Grant County, AR",5053,18,90512
"Greene County, AR",5055,62,220638
"Hempstead County, AR",5057,11,110720
"Hot Spring County, AR",5059,49,167242
"Howard County, AR",5061,11,67236
"Independence County, AR",5063,37,185680
"Izard County, AR",5065,17,67418
"Jackson County, AR",5067,14,86843
"Jefferson County, AR",5069,49,356184
"Johnson County, AR",5071,25,130720
"Lawrence County, AR",5075,16,83981
"Lincoln County, AR",5079,11,69172
"Little River County, AR",5081,11,62544
"Logan County, AR",5083,31,109268
"Lonoke County, AR",5085,68,359081
"Madison County, AR",5087,22,79619
"Marion County, AR",5089,31,81735
"Miller County, AR",5091,37,218509
"Mississippi County, AR",5093,38,217732
"Montgomery County, AR",5097,11,45076
"Nevada County, AR",5099,15,42805
"Ouachita County, AR",5103,24,122154
"Perry County, AR",5105,15,51259
"Phillips County, AR",5107,16,97389
"Pike County, AR",5109,11,54583
"Poinsett County, AR",5111,33,120608
"Polk County, AR",5113,25,101138
"Pope County, AR",5115,53,316752
"Pulaski County, AR",5119,325,1963856
"Randolph County, AR",5121,13,87737
"St. Francis County, AR",5123,12,132874
"Saline County, AR",5125,93,585609
"Scott County, AR",5127,11,52878
"Searcy County, AR",5129,13,39726
"Sebastian County, AR",5131,107,637798
"Sevier County, AR",5133,15,86107
"Sharp County, AR",5135,25,85417
"Stone County, AR",5137,21,62607
"Union County, AR",5139,36,200401
"Van Buren County, AR",5141,19,83688
"Washington County, AR",5143,179,1122724
"White County, AR",5145,72,394515
"Yell County, AR",5149,15,108632
"Alameda County, CA",6001,763,8138921
"Amador County, CA",6005,52,186271
"Butte County, CA",6007,211,1127900
"Calaveras County, CA",6009,58,224808
"Colusa County, CA",6011,20,107652
"Contra Costa County, CA",6013,569,5614855
"Del Norte County, CA",6015,29,137349
"El Dorado County, CA",6017,161,923888
"Fresno County, CA",6019,514,4865277
"Glenn County, CA",6021,33,140091
"Humboldt County, CA",6023,171,678429
"Imperial County, CA",6025,76,899579
"Inyo County, CA",6027,18,91307
"Kern County, CA",6029,595,4398796
"Kings County, CA",6031,82,752080
"Lake County, CA",6033,95,320997
"Lassen County, CA",6035,40,157290
"Los Angeles County, CA",6037,4157,50605487
"Madera County, CA",6039,91,773522
"Marin County, CA",6041,204,1301942
"Mariposa County, CA",6043,29,87947
"Mendocino County, CA",6045,110,438356
"Merced County, CA",6047,131,1339381
"Modoc County, CA",6049,10,44789
"Monterey County, CA",6053,200,2167207
"Napa County, CA",6055,80,707588
"Nevada County, CA",6057,105,494891
"Orange County, CA",6059,1611,15792586
"Placer County, CA",6061,245,1881091
"Plumas County, CA",6063,28,93243
"Riverside County, CA",6065,1276,11793811
"Sacramento County, CA",6067,1028,7490567
"San Benito County, CA",6069,23,294383
"San Bernardino County, CA",6071,1065,10626623
"San Diego County, CA",6073,2104,16429638
"San Francisco County, CA",6075,456,4309977
"San Joaquin County, CA",6077,383,3625215
"San Luis Obispo County, CA",6079,263,1403219
"San Mateo County, CA",6081,298,3807296
"Santa Barbara County, CA",6083,279,2215454
"Santa Clara County, CA",6085,750,9532245
"Santa Cruz County, CA",6087,222,1365939
"Shasta County, CA",6089,222,897869
"Siskiyou County, CA",6093,59,218437
"Solano County, CA",6095,263,2177676
"Sonoma County, CA",6097,347,2504750
"Stanislaus County, CA",6099,279,2685335
"Sutter County, CA",6101,81,480959
"Tehama County, CA",6103,62,316634
"Trinity County, CA",6105,20,65178
"Tulare County, CA",6107,241,2297134
"Tuolumne County, CA",6109,58,269466
"Ventura County, CA",6111,501,4240295
"Yolo County, CA",6113,111,1060117
"Yuba County, CA",6115,65,374104
"Adams County, CO",8001,431,2442602
"Alamosa County, CO",8003,22,82131
"Arapahoe County, CO",8005,567,3137107
"Archuleta County, CO",8007,20,62959
"Boulder County, CO",8013,282,1587493
"Broomfield County, CO",8014,53,321544
"Chaffee County, CO",8015,25,94227
"Conejos County, CO",8021,11,40985
"Custer County, CO",8027,13,22567
"Delta County, CO",8029,51,151342
"Denver County, CO",8031,543,3393583
"Douglas County, CO",8035,275,1606919
"Eagle County, CO",8037,37,267747
"Elbert County, CO",8039,28,123536
"El Paso County, CO",8041,841,3380550
"Fremont County, CO",8043,79,234650
"Garfield County, CO",8045,63,290863
"Grand County, CO",8049,21,73779
"Gunnison County, CO",8051,28,80646
"Huerfano County, CO",8055,11,32812
"Jefferson County, CO",8059,523,2822275
"Kit Carson County, CO",8063,12,39220
"Lake County, CO",8065,11,37544
"La Plata County, CO",8067,57,273173
"Larimer County, CO",8069,358,1657656
"Las Animas County, CO",8071,21,70897
"Logan County, CO",8075,25,110825
"Mesa County, CO",8077,198,746021
"Moffat County, CO",8081,17,65208
"Montezuma County, CO",8083,55,130721
"Montrose County, CO",8085,41,205787
"Morgan County, CO",8087,23,141558
"Otero County, CO",8089,17,92155
"Park County, CO",8093,29,84047
"Pitkin County, CO",8097,21,88434
"Prowers County, CO",8099,14,60271
"Pueblo County, CO",8101,211,818515
"Rio Blanco County, CO",8103,11,33050
"Rio Grande County, CO",8105,14,57733
"Routt County, CO",8107,23,121376
"Saguache County, CO",8109,13,31670
"Summit County, CO",8117,35,149269
"Teller County, CO",8119,47,118738
"Weld County, CO",8123,265,1432194
"Fairfield County, CT",9001,395,4727493
"Hartford County, CT",9003,443,4479875
"Litchfield County, CT",9005,120,920268
"Middlesex County, CT",9007,80,821307
"New Haven County, CT",9009,483,4300344
"New London County, CT",9011,186,1358523
"Tolland County, CT",9013,95,756743
"Windham County, CT",9015,91,583726
"Kent County, DE",10001,118,866587
"New Castle County, DE",10003,337,2776021
"Sussex County, DE",10005,146,1078693
"District of Columbia, DC",11001,211,3352712
"Alachua County, FL",12001,166,1300235
"Baker County, FL",12003,16,137746
"Bay County, FL",12005,207,903144
"Bradford County, FL",12007,20,134444
"Brevard County, FL",12009,657,2844088
"Broward County, FL",12011,1116,9450014
"Charlotte County, FL",12015,166,866823
"Citrus County, FL",12017,172,708974
"Clay County, FL",12019,175,1020705
"Collier County, FL",12021,232,1783740
"Columbia County, FL",12023,58,342659
"DeSoto County, FL",12027,32,177649
"Dixie County, FL",12029,15,81023
"Duval County, FL",12031,709,4560752
"Escambia County, FL",12033,302,1556178
"Flagler County, FL",12035,114,526576
"Gadsden County, FL",12039,27,230588
"Gilchrist County, FL",12041,16,86082
"Glades County, FL",12043,13,68374
"Gulf County, FL",12045,16,79794
"Hardee County, FL",12049,18,137261
"Hendry County, FL",12051,25,194732
"Hernando County, FL",12053,182,898123
"Highlands County, FL",12055,121,499143
"Hillsborough County, FL",12057,910,6741730
"Holmes County, FL",12059,20,97736
"Indian River County, FL",12061,136,740614
"Jackson County, FL",12063,35,242881
"Lake County, FL",12069,285,1631012
"Lee County, FL",12071,599,3504170
"Leon County, FL",12073,160,1430219
"Levy County, FL",12075,48,199405
"Madison County, FL",12079,12,92327
"Manatee County, FL",12081,342,1818680
"Marion County, FL",12083,362,1723156
"Martin County, FL",12085,140,779562
"Miami-Dade County, FL",12086,1250,13437908
"Monroe County, FL",12087,104,387059
"Nassau County, FL",12089,85,394116
"Okaloosa County, FL",12091,195,993127
"Okeechobee County, FL",12093,31,199867
"Orange County, FL",12095,659,6429736
"Osceola County, FL",12097,172,1620903
"Palm Beach County, FL",12099,1123,7107630
"Pasco County, FL",12101,510,2496753
"Pinellas County, FL",12103,955,4748340
"Polk County, FL",12105,461,3260371
"Putnam County, FL",12107,76,362484
"St. Johns County, FL",12109,219,1133105
"St. Lucie County, FL",12111,241,1496436
"Santa Rosa County, FL",12113,167,836327
"Sarasota County, FL",12115,433,2024628
"Seminole County, FL",12117,296,2245839
"Sumter County, FL",12119,93,589458
"Suwannee County, FL",12121,45,219500
"Taylor County, FL",12123,25,111940
"Union County, FL",12125,20,76219
"Volusia County, FL",12127,567,2594274
"Wakulla County, FL",12129,31,158002
"Walton County, FL",12131,64,319110
"Washington County, FL",12133,21,122898
"Appling County, GA",13001,14,92383
"Baldwin County, GA",13009,39,227457
"Banks County, GA",13011,12,92236
"Barrow County, GA",13013,62,376250
"Bartow County, GA",13015,88,514617
"Ben Hill County, GA",13017,10,86621
"Berrien County, GA",13019,18,94890
"Bibb County, GA",13021,98,767969
"Bleckley County, GA",13023,12,63609
"Brantley County, GA",13025,14,92250
"Brooks County, GA",13027,12,77866
"Bryan County, GA",13029,29,175490
"Bulloch County, GA",13031,39,366823
"Burke County, GA",13033,23,113587
"Butts County, GA",13035,21,118198
"Camden County, GA",13039,38,261657
"Carroll County, GA",13045,95,575066
"Catoosa County, GA",13047,53,329930
"Chatham County, GA",13051,218,1428352
"Chattooga County, GA",13055,17,124593
"Cherokee County, GA",13057,176,1181253
"Clarke County, GA",13059,71,617886
"Clayton County, GA",13063,107,1370332
"Cobb County, GA",13067,446,3693409
"Coffee County, GA",13069,31,215165
"Colquitt County, GA",13071,29,229764
"Columbia County, GA",13073,109,717754
"Cook County, GA",13075,12,85848
"Coweta County, GA",13077,91,690818
"Crawford County, GA",13079,11,61896
"Crisp County, GA",13081,18,114608
"Dade County, GA",13083,19,81702
"Dawson County, GA",13085,38,116938
"Decatur County, GA",13087,29,135291
"DeKalb County, GA",13089,303,3663946
"Dodge County, GA",13091,17,104372
"Dougherty County, GA",13095,40,456227
"Douglas County, GA",13097,78,701994
"Effingham County, GA",13103,46,285679
"Elbert County, GA",13105,20,96653
"Emanuel County, GA",13107,12,113495
"Evans County, GA",13109,11,53963
"Fannin County, GA",13111,24,122038
"Fayette County, GA",13113,59,552919
"Floyd County, GA",13115,76,482561
"Forsyth County, GA",13117,126,1061121
"Franklin County, GA",13119,30,111724
"Fulton County, GA",13121,556,5055933
"Gilmer County, GA",13123,31,147215
"Glynn County, GA",13127,63,417046
"Gordon County, GA",13129,37,282371
"Grady County, GA",13131,23,125469
"Greene County, GA",13133,16,83805
"Gwinnett County, GA",13135,500,4460444
"Habersham County, GA",13137,31,219861
"Hall County, GA",13139,162,968013
"Haralson County, GA",13143,23,144288
"Harris County, GA",13145,25,166487
"Hart County, GA",13147,27,127704
"Henry County, GA",13151,114,1090317
"Houston County, GA",13153,107,752403
"Jackson County, GA",13157,67,318408
"Jefferson County, GA",13163,15,80262
"Jones County, GA",13169,29,142943
"Lamar County, GA",13171,13,91435
"Laurens County, GA",13175,23,238427
"Lee County, GA",13177,28,146271
"Liberty County, GA",13179,51,315756
"Lowndes County, GA",13185,72,569421
"Lumpkin County, GA",13187,36,157820
"McDuffie County, GA",13189,17,107463
"Madison County, GA",13195,23,142936
"Meriwether County, GA",13199,16,105743
"Mitchell County, GA",13205,15,113141
"Monroe County, GA",13207,23,135557
"Murray County, GA",13213,35,197339
"Muscogee County, GA",13215,133,995833
"Newton County, GA",13217,74,526671
"Oconee County, GA",13219,26,179959
"Oglethorpe County, GA",13221,12,73890
"Paulding County, GA",13223,100,763445
"Peach County, GA",13225,24,134410
"Pickens County, GA",13227,32,152310
"Pierce County, GA",13229,17,95510
"Pike County, GA",13231,13,89679
"Polk County, GA",13233,42,207701
"Pulaski County, GA",13235,18,56873
"Putnam County, GA",13237,17,107123
"Rabun County, GA",13241,14,81920
"Richmond County, GA",13245,132,1008611
"Rockdale County, GA",13247,59,443196
"Seminole County, GA",13253,10,43038
"Spalding County, GA",13255,40,322054
"Stephens County, GA",13257,25,128390
"Sumter County, GA",13261,24,153611
"Tattnall County, GA",13267,20,126405
"Telfair County, GA",13271,11,81463
"Thomas County, GA",13275,24,224918
"Tift County, GA",13277,27,203180
"Toombs County, GA",13279,20,135991
"Troup County, GA",13285,45,348076
"Union County, GA",13291,29,112204
"Upson County, GA",13293,16,131660
"Walker County, GA",13295,49,341317
"Walton County, GA",13297,76,443552
"Ware County, GA",13299,26,178203
"Washington County, GA",13303,10,102897
"Wayne County, GA",13305,20,149481
"White County, GA",13311,20,142423
"Whitfield County, GA",13313,58,519950
"Wilcox County, GA",13315,11,44225
"Wilkes County, GA",13317,11,49514
"Worth County, GA",13321,19,104211
"Hawaii County, HI",15001,195,980269
"Honolulu County, HI",15003,567,4955186
"Kauai County, HI",15007,74,355910
"Maui County, HI",15009,141,819504
"Ada County, ID",16001,407,2177788
"Adams County, ID",16003,10,19579
"Bannock County, ID",16005,114,419986
"Benewah County, ID",16009,14,45490
"Bingham County, ID",16011,50,226677
"Blaine County, ID",16013,25,108218
"Boise County, ID",16015,15,35091
"Bonner County, ID",16017,47,210239
"Bonneville County, ID",16019,113,553056
"Boundary County, ID",16021,12,56753
"Canyon County, ID",16027,194,1037889
"Caribou County, ID",16029,12,34336
"Cassia County, ID",16031,27,117545
"Clearwater County, ID",16035,18,42678
"Custer County, ID",16037,11,20744
"Elmore County, ID",16039,30,130981
"Franklin County, ID",16041,17,65919
"Fremont County, ID",16043,10,64650
"Gem County, ID",16045,18,84967
"Gooding County, ID",16047,11,75737
"Idaho County, ID",16049,28,81128
"Jefferson County, ID",16051,20,137377
"Jerome County, ID",16053,22,114767
"Kootenai County, ID",16055,152,753885
"Latah County, ID",16057,30,193796
"Lemhi County, ID",16059,13,38771
"Madison County, ID",16065,15,191950
"Minidoka County, ID",16067,19,102421
"Nez Perce County, ID",16069,49,200724
"Owyhee County, ID",16073,15,57152
"Payette County, ID",16075,26,114583
"Shoshone County, ID",16079,27,62506
"Twin Falls County, ID",16083,104,411884
"Adams County, IL",17001,53,333943
"Bond County, IL",17005,10,85461
"Boone County, IL",17007,27,268427
"Bureau County, IL",17011,27,168085
"Carroll County, IL",17015,12,73298
"Cass County, IL",17017,11,64508
"Champaign County, IL",17019,111,1038709
"Christian County, IL",17021,30,168243
"Clark County, IL",17023,20,80046
"Clinton County, IL",17027,19,188893
"Coles County, IL",17029,23,263860
"Cook County, IL",17031,2220,26140134
"Crawford County, IL",17033,11,96581
"DeKalb County, IL",17037,63,523816
"Douglas County, IL",17041,15,98977
"DuPage County, IL",17043,442,4658066
"Edgar County, IL",17045,22,88359
"Effingham County, IL",17049,20,171516
"Fayette County, IL",17051,17,109546
"Franklin County, IL",17055,33,196295
"Fulton County, IL",17057,34,178698
"Grundy County, IL",17063,34,252217
"Hancock County, IL",17067,13,92253
"Henry County, IL",17073,32,247592
"Iroquois County, IL",17075,31,142743
"Jackson County, IL",17077,39,296007
"Jefferson County, IL",17081,31,192170
"Jersey County, IL",17083,19,111550
"Jo Daviess County, IL",17085,13,110111
"Kane County, IL",17089,219,2648178
"Kankakee County, IL",17091,58,553987
"Kendall County, IL",17093,50,614966
"Knox County, IL",17095,44,257164
"Lake County, IL",17097,345,3518682
"LaSalle County, IL",17099,102,555466
"Lawrence County, IL",17101,13,82113
"Lee County, IL",17103,28,172834
"Livingston County, IL",17105,30,185804
"Logan County, IL",17107,29,147976
"McDonough County, IL",17109,19,157496
"McHenry County, IL",17111,179,1538161
"McLean County, IL",17113,108,866582
"Macon County, IL",17115,67,537282
"Macoupin County, IL",17117,35,230732
"Madison County, IL",17119,212,1331181
"Marion County, IL",17121,46,191574
"Marshall County, IL",17123,11,59818
"Mason County, IL",17125,30,69069
"Massac County, IL",17127,19,73746
"Mercer County, IL",17131,12,79329
"Monroe County, IL",17133,20,169259
"Montgomery County, IL",17135,22,145653
"Morgan County, IL",17137,24,172899
"Moultrie County, IL",17139,16,74159
"Ogle County, IL",17141,39,258465
"Peoria County, IL",17143,127,929986
"Perry County, IL",17145,15,107744
"Piatt County, IL",17147,10,82256
"Pike County, IL",17149,15,79932
"Randolph County, IL",17157,27,163655
"Richland County, IL",17159,12,80103
"Rock Island County, IL",17161,109,729046
"St. Clair County, IL",17163,149,1321974
"Saline County, IL",17165,22,122508
"Sangamon County, IL",17167,156,990805
"Shelby County, IL",17173,17,109378
"Stephenson County, IL",17177,30,229602
"Tazewell County, IL",17179,91,674770
"Union County, IL",17181,14,86650
"Vermilion County, IL",17183,56,395359
"Warren County, IL",17187,12,87672
"Washington County, IL",17189,12,71239
"Wayne County, IL",17191,16,82469
"White County, IL",17193,18,71480
"Whiteside County, IL",17195,48,284166
"Will County, IL",17197,363,3437701
"Williamson County, IL",17199,65,336286
"Winnebago County, IL",17201,199,1436937
"Woodford County, IL",17203,42,195553
"Adams County, IN",18001,11,175108
"Allen County, IN",18003,241,1840663
"Bartholomew County, IN",18005,66,404408
"Boone County, IN",18011,47,316264
"Brown County, IN",18013,15,74909
"Carroll County, IN",18015,15,99874
"Cass County, IN",18017,39,190820
"Clark County, IN",18019,93,575575
"Clay County, IN",18021,25,132375
"Clinton County, IN",18023,28,163075
"Daviess County, IN",18027,21,164124
"Dearborn County, IN",18029,46,247937
"Decatur County, IN",18031,20,132657
"De Kalb County, IN",18033,34,212861
"Delaware County, IN",18035,77,582197
"Dubois County, IN",18037,34,212277
"Elkhart County, IN",18039,123,1014821
"Fayette County, IN",18041,22,117303
"Floyd County, IN",18043,56,383262
"Fountain County, IN",18045,19,83120
"Franklin County, IN",18047,22,114091
"Fulton County, IN",18049,18,101462
"Gibson County, IN",18051,40,168425
"Grant County, IN",18053,54,339102
"Greene County, IN",18055,29,162336
"Hamilton County, IN",18057,165,1549133
"Hancock County, IN",18059,65,364775
"Harrison County, IN",18061,27,197764
"Hendricks County, IN",18063,111,792422
"Henry County, IN",18065,40,244021
"Howard County, IN",18067,55,413229
"Huntington County, IN",18069,24,182864
"Jackson County, IN",18071,39,219137
"Jasper County, IN",18073,23,167214
"Jay County, IN",18075,11,105621
"Jefferson County, IN",18077,43,161875
"Jennings County, IN",18079,37,139522
"Johnson County, IN",18081,106,748585
"Knox County, IN",18083,37,189071
"Kosciusko County, IN",18085,49,393445
"Lagrange County, IN",18087,20,193654
"Lake County, IN",18089,345,2441035
"La Porte County, IN",18091,79,553653
"Lawrence County, IN",18093,37,228227
"Madison County, IN",18095,117,649068
"Marion County, IN",18097,696,4692855
"Marshall County, IN",18099,38,234127
"Miami County, IN",18103,16,179684
"Monroe County, IN",18105,92,722414
"Montgomery County, IN",18107,27,191149
"Morgan County, IN",18109,57,348534
"Newton County, IN",18111,12,70305
"Noble County, IN",18113,29,238011
"Orange County, IN",18117,15,97765
"Owen County, IN",18119,23,104721
"Parke County, IN",18121,18,85022
"Perry County, IN",18123,20,96406
"Pike County, IN",18125,13,62697
"Porter County, IN",18127,145,837516
"Posey County, IN",18129,21,127609
"Putnam County, IN",18133,44,187846
"Randolph County, IN",18135,17,126187
"Ripley County, IN",18137,24,142905
"Rush County, IN",18139,24,83862
"St. Joseph County, IN",18141,186,1342343
"Scott County, IN",18143,13,119028
"Shelby County, IN",18145,38,222505
"Spencer County, IN",18147,13,103502
"Starke County, IN",18149,24,115131
"Steuben County, IN",18151,20,171638
"Sullivan County, IN",18153,23,104749
"Tippecanoe County, IN",18157,105,927720
"Tipton County, IN",18159,14,76642
"Vanderburgh County, IN",18163,181,908618
"Vermillion County, IN",18165,12,78413
"Vigo County, IN",18167,125,539809
"Wabash County, IN",18169,19,159953
"Warrick County, IN",18173,51,309123
"Washington County, IN",18175,26,138982
"Wayne County, IN",18177,54,335318
"Wells County, IN",18179,15,139573
"White County, IN",18181,15,121393
"Whitley County, IN",18183,27,167308
"Adair County, IA",19001,10,36300
"Allamakee County, IA",19005,13,69861
"Appanoose County, IA",19007,12,62696
"Audubon County, IA",19009,13,28696
"Benton County, IA",19011,16,128378
"Black Hawk County, IA",19013,88,664450
"Boone County, IA",19015,17,132456
"Bremer County, IA",19017,12,123776
"Buchanan County, IA",19019,13,105270
"Carroll County, IA",19027,15,102415
"Cass County, IA",19029,19,66775
"Cerro Gordo County, IA",19033,34,215922
"Clay County, IA",19041,16,82016
"Clayton County, IA",19043,10,88336
"Clinton County, IA",19045,42,238558
"Crawford County, IA",19047,12,85752
"Dallas County, IA",19049,51,403925
"Des Moines County, IA",19057,33,199946
"Dickinson County, IA",19059,13,85443
"Dubuque County, IA",19061,64,483236
"Fayette County, IA",19065,20,100952
"Floyd County, IA",19067,13,79746
"Guthrie County, IA",19077,10,53380
"Harrison County, IA",19085,11,71305
"Henry County, IA",19087,18,100025
"Iowa County, IA",19095,17,81520
"Jackson County, IA",19097,17,97351
"Jasper County, IA",19099,31,184014
"Jefferson County, IA",19101,22,88202
"Johnson County, IA",19103,86,721450
"Jones County, IA",19105,12,102506
"Lee County, IA",19111,34,174967
"Linn County, IA",19113,164,1099554
"Louisa County, IA",19115,11,55954
"Mahaska County, IA",19123,14,111527
"Marion County, IA",19125,26,166205
"Marshall County, IA",19127,23,203206
"Mills County, IA",19129,12,74611
"Monroe County, IA",19135,11,39701
"Muscatine County, IA",19139,26,214570
"Palo Alto County, IA",19147,13,45556
"Plymouth County, IA",19149,16,125051
"Polk County, IA",19153,336,2335125
"Pottawattamie County, IA",19155,87,466495
"Scott County, IA",19163,147,858881
"Story County, IA",19169,44,477092
"Tama County, IA",19171,13,86741
"Union County, IA",19175,19,62438
"Wapello County, IA",19179,34,175802
"Warren County, IA",19181,35,243772
"Washington County, IA",19183,16,110894
"Webster County, IA",19187,36,184444
"Woodbury County, IA",19193,60,512391
"Allen County, KS",20001,10,63983
"Atchison County, KS",20005,12,82372
"Barber County, KS",20007,12,23941
"Barton County, KS",20009,28,135248
"Bourbon County, KS",20011,13,73707
"Butler County, KS",20015,71,332674
"Cherokee County, KS",20021,16,102659
"Cowley County, KS",20035,29,179069
"Crawford County, KS",20037,28,195983
"Dickinson County, KS",20041,16,96272
"Douglas County, KS",20045,84,589193
"Ellis County, KS",20051,18,144685
"Finney County, KS",20055,23,185206
"Ford County, KS",20057,28,172502
"Franklin County, KS",20059,17,128253
"Geary County, KS",20061,34,180568
"Harvey County, KS",20079,17,174091
"Jefferson County, KS",20087,21,94493
"Johnson County, KS",20091,431,2896993
"Kingman County, KS",20095,11,38056
"Labette County, KS",20099,22,103268
"Leavenworth County, KS",20103,73,397596
"Linn County, KS",20107,11,47838
"Lyon County, KS",20111,24,166963
"McPherson County, KS",20113,24,145263
"Marion County, KS",20115,10,60628
"Miami County, KS",20121,35,164635
"Montgomery County, KS",20125,28,166973
"Osage County, KS",20139,16,79540
"Pottawatomie County, KS",20149,21,116455
"Pratt County, KS",20151,13,48550
"Reno County, KS",20155,51,317432
"Rice County, KS",20159,17,49494
"Riley County, KS",20161,44,373350
"Saline County, KS",20169,44,277062
"Sedgwick County, KS",20173,445,2551474
"Seward County, KS",20175,16,114875
"Shawnee County, KS",20177,184,892295
"Sumner County, KS",20191,19,117085
"Wilson County, KS",20205,13,44387
"Wyandotte County, KS",20209,124,814508
"Adair County, KY",21001,16,95728
"Allen County, KY",21003,20,102899
"Anderson County, KY",21005,22,110380
"Ballard County, KY",21007,13,40877
"Barren County, KY",21009,46,217539
"Bath County, KY",21011,12,61100
"Bell County, KY",21013,32,137011
"Boone County, KY",21015,95,637831
"Bourbon County, KY",21017,11,100145
"Boyd County, KY",21019,44,242154
"Boyle County, KY",21021,31,148470
"Breathitt County, KY",21025,18,66668
"Breckinridge County, KY",21027,24,100018
"Bullitt County, KY",21029,79,392908
"Caldwell County, KY",21033,14,63436
"Calloway County, KY",21035,33,191638
"Campbell County, KY",21037,51,459586
"Carroll County, KY",21041,15,53859
"Carter County, KY",21043,20,135773
"Casey County, KY",21045,22,79331
"Christian County, KY",21047,62,364493
"Clark County, KY",21049,31,178994
"Clay County, KY",21051,20,104656
"Crittenden County, KY",21055,14,45934
"Daviess County, KY",21059,100,495800
"Edmonson County, KY",21061,11,60422
"Estill County, KY",21065,17,71894
"Fayette County, KY",21067,199,1574121
"Fleming County, KY",21069,20,72643
"Floyd County, KY",21071,37,187973
"Franklin County, KY",21073,35,250948
"Garrard County, KY",21079,15,85825
"Grant County, KY",21081,25,124292
"Graves County, KY",21083,39,186793
"Grayson County, KY",21085,31,130954
"Green County, KY",21087,10,55358
"Greenup County, KY",21089,30,180306
"Hardin County, KY",21093,73,538283
"Harlan County, KY",21095,23,138246
"Harrison County, KY",21097,19,93300
"Hart County, KY",21099,16,93008
"Henderson County, KY",21101,54,231402
"Henry County, KY",21103,14,78461
"Hopkins County, KY",21107,48,230683
"Jefferson County, KY",21111,622,3816991
"Jessamine County, KY",21113,38,258681
"Johnson County, KY",21115,17,115458
"Kenton County, KY",21117,109,822430
"Knott County, KY",21119,12,78396
"Knox County, KY",21121,21,158232
"Larue County, KY",21123,12,70786
"Laurel County, KY",21125,48,300096
"Letcher County, KY",21133,22,115213
"Lewis County, KY",21135,10,68149
"Lincoln County, KY",21137,25,122106
"Livingston County, KY",21139,12,46572
"Logan County, KY",21141,15,134306
"Lyon County, KY",21143,13,41338
"McCracken County, KY",21145,68,326254
"McCreary County, KY",21147,13,88706
"Madison County, KY",21151,68,441527
"Magoffin County, KY",21153,10,63893
"Marion County, KY",21155,14,98017
"Marshall County, KY",21157,43,155908
"Mason County, KY",21161,12,85907
"Meade County, KY",21163,27,142553
"Menifee County, KY",21165,10,31796
"Mercer County, KY",21167,21,107073
"Montgomery County, KY",21173,23,138032
"Morgan County, KY",21175,16,66444
"Muhlenberg County, KY",21177,32,155413
"Nelson County, KY",21179,40,225677
"Nicholas County, KY",21181,10,35425
"Ohio County, KY",21183,16,120741
"Oldham County, KY",21185,30,322704
"Owen County, KY",21187,11,53444
"Pendleton County, KY",21191,18,72604
"Perry County, KY",21193,23,137068
"Pike County, KY",21195,54,307644
"Powell County, KY",21197,13,61879
"Pulaski County, KY",21199,61,319919
"Rockcastle County, KY",21203,11,84009
"Rowan County, KY",21205,14,120042
"Russell County, KY",21207,13,88685
"Scott County, KY",21209,37,262496
"Shelby County, KY",21211,24,228552
"Simpson County, KY",21213,14,89816
"Spencer County, KY",21215,10,89980
"Taylor County, KY",21217,20,126195
"Trigg County, KY",21221,20,71376
"Trimble County, KY",21223,10,43552
"Union County, KY",21225,24,74792
"Warren County, KY",21227,98,616058
"Wayne County, KY",21231,25,102797
"Webster County, KY",21233,15,66192
"Whitley County, KY",21235,39,179708
"Woodford County, KY",21239,22,129123
"Acadia Parish, LA",22001,51,312502
"Allen Parish, LA",22003,20,128238
"Ascension Parish, LA",22005,76,595412
"Assumption Parish, LA",22007,10,114284
"Avoyelles Parish, LA",22009,45,205644
"Beauregard Parish, LA",22011,21,182682
"Bossier Parish, LA",22015,98,627753
"Caddo Parish, LA",22017,162,1254382
"Calcasieu Parish, LA",22019,191,994334
"Caldwell Parish, LA",22021,13,49913
"Claiborne Parish, LA",22027,12,81458
"Concordia Parish, LA",22029,16,100836
"De Soto Parish, LA",22031,17,135766
"East Baton Rouge Parish, LA",22033,244,2231327
"Evangeline Parish, LA",22039,50,168438
"Franklin Parish, LA",22041,15,102012
"Grant Parish, LA",22043,18,111458
"Iberia Parish, LA",22045,41,367343
"Iberville Parish, LA",22047,13,165736
"Jefferson Parish, LA",22051,310,2182317
"Jefferson Davis Parish, LA",22053,22,157107
"Lafayette Parish, LA",22055,169,1190470
"Lafourche Parish, LA",22057,101,490217
"LaSalle Parish, LA",22059,11,74575
"Lincoln Parish, LA",22061,24,238294
"Livingston Parish, LA",22063,127,685958
"Morehouse Parish, LA",22067,10,131924
"Natchitoches Parish, LA",22069,28,195666
"Orleans Parish, LA",22071,223,1937439
"Ouachita Parish, LA",22073,90,782163
"Plaquemines Parish, LA",22075,14,117304
"Pointe Coupee Parish, LA",22077,22,111583
"Rapides Parish, LA",22079,111,661424
"Richland Parish, LA",22083,11,102961
"Sabine Parish, LA",22085,30,120615
"St. Bernard Parish, LA",22087,33,225189
"St. Charles Parish, LA",22089,43,263846
"St. John the Baptist Parish, LA",22095,20,218204
"St. Landry Parish, LA",22097,84,418391
"St. Martin Parish, LA",22099,60,268264
"St. Mary Parish, LA",22101,39,262581
"St. Tammany Parish, LA",22103,200,1248179
"Tangipahoa Parish, LA",22105,101,644423
"Terrebonne Parish, LA",22109,75,565355
"Union Parish, LA",22111,16,112418
"Vermilion Parish, LA",22113,51,299085
"Vernon Parish, LA",22115,50,256836
"Washington Parish, LA",22117,26,232019
"Webster Parish, LA",22119,39,200120
"West Baton Rouge Parish, LA",22121,22,127208
"West Feliciana Parish, LA",22125,16,76959
"Androscoggin County, ME",23001,99,537247
"Aroostook County, ME",23003,72,343742
"Cumberland County, ME",23005,200,1447771
"Franklin County, ME",23007,29,150771
"Hancock County, ME",23009,49,273116
"Kennebec County, ME",23011,115,604646
"Knox County, ME",23013,35,198615
"Lincoln County, ME",23015,32,170647
"Oxford County, ME",23017,58,286373
"Penobscot County, ME",23019,129,763233
"Piscataquis County, ME",23021,17,84697
"Sagadahoc County, ME",23023,38,175872
"Somerset County, ME",23025,58,255523
"Waldo County, ME",23027,42,196342
"Washington County, ME",23029,37,158666
"York County, ME",23031,189,1007844
"Allegany County, MD",24001,53,362746
"Anne Arundel County, MD",24003,358,2821652
"Baltimore County, MD",24005,431,4144562
"Calvert County, MD",24009,69,454445
"Caroline County, MD",24011,29,163853
"Carroll County, MD",24013,121,838458
"Cecil County, MD",24015,84,512027
"Charles County, MD",24017,93,781134
"Dorchester County, MD",24019,23,162042
"Frederick County, MD",24021,136,1230019
"Garrett County, MD",24023,22,147686
"Harford County, MD",24025,144,1252802
"Howard County, MD",24027,124,1565624
"Kent County, MD",24029,14,98665
"Montgomery County, MD",24031,373,5189913
"Prince George's County, MD",24033,269,4524851
"Queen Anne's County, MD",24035,40,244924
"St. Mary's County, MD",24037,61,556682
"Somerset County, MD",24039,10,129746
"Talbot County, MD",24041,26,187467
"Washington County, MD",24043,113,749616
"Wicomico County, MD",24045,52,510305
"Worcester County, MD",24047,29,257969
"Baltimore city, MD",24510,266,3093058
"Barnstable County, MA",25001,147,1071957
"Berkshire County, MA",25003,86,639344
"Bristol County, MA",25005,328,2783553
"Essex County, MA",25009,361,3871907
"Franklin County, MA",25011,43,353768
"Hampden County, MA",25013,240,2344455
"Hampshire County, MA",25015,82,805477
"Middlesex County, MA",25017,689,7900977
"Norfolk County, MA",25021,273,3473582
"Plymouth County, MA",25023,243,2548037
"Suffolk County, MA",25025,216,3883047
"Worcester County, MA",25027,395,4087249
"Alcona County, MI",26001,25,52084
"Allegan County, MI",26005,78,572998
"Alpena County, MI",26007,31,144048
"Antrim County, MI",26009,26,116227
"Arenac County, MI",26011,14,76268
"Baraga County, MI",26013,12,42868
"Barry County, MI",26015,55,297980
"Bay County, MI",26017,100,527656
"Benzie County, MI",26019,10,87549
"Berrien County, MI",26021,126,773390
"Branch County, MI",26023,43,217695
"Calhoun County, MI",26025,125,672718
"Cass County, MI",26027,54,258155
"Charlevoix County, MI",26029,22,130801
"Cheboygan County, MI",26031,24,127598
"Chippewa County, MI",26033,25,190485
"Clare County, MI",26035,32,152785
"Clinton County, MI",26037,48,387757
"Crawford County, MI",26039,19,69101
"Delta County, MI",26041,28,182008
"Dickinson County, MI",26043,22,128793
"Eaton County, MI",26045,86,543915
"Emmet County, MI",26047,35,165880
"Genesee County, MI",26049,269,2055120
"Gladwin County, MI",26051,27,126424
"Gogebic County, MI",26053,15,77669
"Grand Traverse County, MI",26055,80,456296
"Gratiot County, MI",26057,18,207393
"Hillsdale County, MI",26059,35,229525
"Houghton County, MI",26061,24,181960
"Huron County, MI",26063,30,158933
"Ingham County, MI",26065,193,1431138
"Ionia County, MI",26067,56,321113
"Iosco County, MI",26069,32,126683
"Isabella County, MI",26073,37,354095
"Jackson County, MI",26075,104,796704
"Kalamazoo County, MI",26077,161,1300445
"Kalkaska County, MI",26079,15,86747
"Kent County, MI",26081,362,3178073
"Lake County, MI",26085,14,57660
"Lapeer County, MI",26087,77,441429
"Leelanau County, MI",26089,15,109065
"Lenawee County, MI",26091,71,493935
"Livingston County, MI",26093,144,935630
"Mackinac County, MI",26097,16,54525
"Macomb County, MI",26099,628,4318826
"Manistee County, MI",26101,24,122131
"Marquette County, MI",26103,58,335528
"Mason County, MI",26105,30,144161
"Mecosta County, MI",26107,36,215973
"Menominee County, MI",26109,27,117380
"Midland County, MI",26111,48,417851
"Missaukee County, MI",26113,10,75091
"Monroe County, MI",26115,112,748625
"Montcalm County, MI",26117,49,315467
"Montmorency County, MI",26119,12,46332
"Muskegon County, MI",26121,131,863243
"Newaygo County, MI",26123,44,240029
"Oakland County, MI",26125,784,6206618
"Oceana County, MI",26127,23,131040
"Ogemaw County, MI",26129,25,105095
"Osceola County, MI",26133,21,115856
"Oscoda County, MI",26135,17,41552
"Otsego County, MI",26137,22,121548
"Ottawa County, MI",26139,130,1397581
"Presque Isle County, MI",26141,17,64460
"Roscommon County, MI",26143,32,119462
"Saginaw County, MI",26145,110,969121
"St. Clair County, MI",26147,129,799359
"St. Joseph County, MI",26149,45,304728
"Sanilac County, MI",26151,37,207563
"Shiawassee County, MI",26155,70,343452
"Tuscola County, MI",26157,36,268142
"Van Buren County, MI",26159,54,376307
"Washtenaw County, MI",26161,178,1802330
"Wayne County, MI",26163,1041,8802394
"Wexford County, MI",26165,24,164973
"Aitkin County, MN",27001,16,78627
"Anoka County, MN",27003,250,1722879
"Becker County, MN",27005,28,167708
"Beltrami County, MN",27007,45,229625
"Benton County, MN",27009,33,198359
"Blue Earth County, MN",27013,48,330114
"Brown County, MN",27015,19,126462
"Carlton County, MN",27017,29,177836
"Carver County, MN",27019,59,494022
"Cass County, MN",27021,31,144168
"Chippewa County, MN",27023,10,60425
"Chisago County, MN",27025,34,272135
"Clay County, MN",27027,37,310715
"Crow Wing County, MN",27035,56,318265
"Dakota County, MN",27037,253,2074961
"Dodge County, MN",27039,13,102334
"Douglas County, MN",27041,23,185441
"Faribault County, MN",27043,12,70152
"Fillmore County, MN",27045,17,104428
"Freeborn County, MN",27047,17,153382
"Goodhue County, MN",27049,35,232302
"Hennepin County, MN",27053,699,6118498
"Houston County, MN",27055,11,93784
"Hubbard County, MN",27057,16,103622
"Isanti County, MN",27059,29,193653
"Itasca County, MN",27061,59,226967
"Kanabec County, MN",27065,13,79617
"Kandiyohi County, MN",27067,25,212475
"Koochiching County, MN",27071,13,64059
"Lake County, MN",27075,12,53237
"Le Sueur County, MN",27079,19,138945
"Lyon County, MN",27083,15,128355
"McLeod County, MN",27085,21,179458
"Martin County, MN",27091,15,100343
"Meeker County, MN",27093,23,115569
"Mille Lacs County, MN",27095,27,129243
"Morrison County, MN",27097,18,164342
"Mower County, MN",27099,19,196495
"Nicollet County, MN",27103,16,167013
"Olmsted County, MN",27109,73,758981
"Otter Tail County, MN",27111,66,289362
"Pine County, MN",27115,31,145345
"Polk County, MN",27119,30,158085
"Ramsey County, MN",27123,337,2686125
"Redwood County, MN",27127,16,77265
"Rice County, MN",27131,29,327190
"Roseau County, MN",27135,15,77922
"St. Louis County, MN",27137,185,1001900
"Scott County, MN",27139,65,708071
"Sherburne County, MN",27141,65,461087
"Stearns County, MN",27145,96,773186
"Steele County, MN",27147,21,183485
"Todd County, MN",27153,17,121651
"Wabasha County, MN",27157,14,106925
"Wadena County, MN",27159,14,68866
"Waseca County, MN",27161,14,94810
"Washington County, MN",27163,137,1256948
"Watonwan County, MN",27165,12,54920
"Winona County, MN",27169,34,255035
"Wright County, MN",27171,84,656535
"Yellow Medicine County, MN",27173,11,49929
"Adams County, MS",28001,17,157332
"Alcorn County, MS",28003,34,186598
"Attala County, MS",28007,14,94934
"Bolivar County, MS",28011,15,165821
"Clay County, MS",28025,14,100171
"Copiah County, MS",28029,24,143489
"Covington County, MS",28031,17,97056
"DeSoto County, MS",28033,116,866838
"Forrest County, MS",28035,59,380783
"George County, MS",28039,15,117624
"Grenada County, MS",28043,17,107218
"Hancock County, MS",28045,49,231779
"Harrison County, MS",28047,211,1005229
"Hinds County, MS",28049,104,1212245
"Holmes County, MS",28051,10,90965
"Itawamba County, MS",28057,21,117607
"Jackson County, MS",28059,110,706405
"Jasper County, MS",28061,11,82800
"Jefferson Davis County, MS",28065,15,58134
"Jones County, MS",28067,45,341349
"Lafayette County, MS",28071,31,265572
"Lamar County, MS",28073,43,301806
"Lauderdale County, MS",28075,34,392427
"Leake County, MS",28079,17,114680
"Lee County, MS",28081,43,426200
"Leflore County, MS",28083,12,153107
"Lincoln County, MS",28085,23,173104
"Lowndes County, MS",28087,36,298150
"Madison County, MS",28089,68,515297
"Marion County, MS",28091,16,127931
"Marshall County, MS",28093,24,180085
"Monroe County, MS",28095,21,179691
"Neshoba County, MS",28099,30,147207
"Newton County, MS",28101,18,108011
"Oktibbeha County, MS",28105,18,247889
"Panola County, MS",28107,28,171171
"Pearl River County, MS",28109,62,276067
"Pike County, MS",28113,27,199163
"Pontotoc County, MS",28115,27,155945
"Prentiss County, MS",28117,18,126792
"Rankin County, MS",28121,110,746184
"Scott County, MS",28123,16,141626
"Simpson County, MS",28127,20,136044
"Smith County, MS",28129,13,80459
"Stone County, MS",28131,13,90085
"Sunflower County, MS",28133,15,134886
"Tallahatchie County, MS",28135,11,72949
"Tate County, MS",28137,19,141515
"Tippah County, MS",28139,19,110413
"Tishomingo County, MS",28141,19,97534
"Union County, MS",28145,14,141147
"Warren County, MS",28149,30,237594
"Washington County, MS",28151,18,240228
"Wayne County, MS",28153,16,102521
"Winston County, MS",28159,15,91989
"Yalobusha County, MS",28161,10,62064
"Yazoo County, MS",28163,12,137408
"Adair County, MO",29001,32,127288
"Andrew County, MO",29003,11,87025
"Audrain County, MO",29007,19,129306
"Barry County, MO",29009,23,178463
"Barton County, MO",29011,11,59970
"Bates County, MO",29013,13,82331
"Benton County, MO",29015,27,94321
"Boone County, MO",29019,106,873329
"Buchanan County, MO",29021,79,446220
"Butler County, MO",29023,44,214411
"Callaway County, MO",29027,42,224053
"Camden County, MO",29029,52,222249
"Cape Girardeau County, MO",29031,66,391009
"Carroll County, MO",29033,12,44871
"Cass County, MO",29037,101,509702
"Cedar County, MO",29039,19,69888
"Christian County, MO",29043,65,416112
"Clay County, MO",29047,224,1181751
"Clinton County, MO",29049,27,102643
"Cole County, MO",29051,57,383315
"Cooper County, MO",29053,13,88230
"Crawford County, MO",29055,29,122123
"Dallas County, MO",29059,16,82438
"DeKalb County, MO",29063,10,63420
"Dent County, MO",29065,12,77845
"Douglas County, MO",29067,17,67092
"Dunklin County, MO",29069,28,154605
"Franklin County, MO",29071,115,512494
"Gasconade County, MO",29073,15,74159
"Greene County, MO",29077,293,1436302
"Henry County, MO",29083,25,109136
"Hickory County, MO",29085,14,46469
"Howell County, MO",29091,58,200996
"Iron County, MO",29093,13,50984
"Jackson County, MO",29095,617,3441506
"Jasper County, MO",29097,154,591865
"Jefferson County, MO",29099,232,1116272
"Johnson County, MO",29101,53,270724
"Laclede County, MO",29105,35,177512
"Lafayette County, MO",29107,23,163591
"Lawrence County, MO",29109,37,191203
"Lewis County, MO",29111,10,50598
"Lincoln County, MO",29113,60,274255
"Linn County, MO",29115,13,61345
"Livingston County, MO",29117,16,75360
"McDonald County, MO",29119,19,113449
"Macon County, MO",29121,19,76779
"Madison County, MO",29123,14,61893
"Maries County, MO",29125,11,44719
"Marion County, MO",29127,26,144232
"Miller County, MO",29131,23,125780
"Mississippi County, MO",29133,12,69935
"Moniteau County, MO",29135,10,79648
"Montgomery County, MO",29139,18,58567
"Morgan County, MO",29141,13,101034
"New Madrid County, MO",29143,20,90342
"Newton County, MO",29145,56,293042
"Nodaway County, MO",29147,11,114294
"Osage County, MO",29151,13,68345
"Pemiscot County, MO",29155,17,86854
"Perry County, MO",29157,13,95967
"Pettis County, MO",29159,37,211456
"Phelps County, MO",29161,43,223800
"Pike County, MO",29163,19,92563
"Platte County, MO",29165,83,483690
"Polk County, MO",29167,23,156336
"Pulaski County, MO",29169,42,265118
"Randolph County, MO",29175,31,125050
"Ray County, MO",29177,22,114407
"Ripley County, MO",29181,16,69184
"St. Charles County, MO",29183,281,1925000
"St. Clair County, MO",29185,12,47018
"Ste. Genevieve County, MO",29186,13,89484
"St. Francois County, MO",29187,48,332027
"St. Louis County, MO",29189,690,5001989
"Saline County, MO",29195,14,115497
"Scott County, MO",29201,43,194487
"Stoddard County, MO",29207,27,148466
"Stone County, MO",29209,52,156090
"Taney County, MO",29213,55,272487
"Texas County, MO",29215,19,128478
"Vernon County, MO",29217,23,103936
"Warren County, MO",29219,30,167940
"Washington County, MO",29221,29,124898
"Wayne County, MO",29223,19,66696
"Webster County, MO",29225,41,187608
"Wright County, MO",29229,23,91649
"St. Louis city, MO",29510,195,1571550
"Beaverhead County, MT",30001,15,46821
"Big Horn County, MT",30003,11,66269
"Blaine County, MT",30005,10,33109
"Carbon County, MT",30009,13,52303
"Cascade County, MT",30013,95,410415
"Custer County, MT",30017,18,59823
"Deer Lodge County, MT",30023,22,45809
"Fergus County, MT",30027,12,57074
"Flathead County, MT",30029,115,482239
"Gallatin County, MT",30031,98,505079
"Glacier County, MT",30035,15,68416
"Hill County, MT",30041,15,82741
"Jefferson County, MT",30043,18,58459
"Lake County, MT",30047,59,147604
"Lewis and Clark County, MT",30049,76,332667
"Lincoln County, MT",30053,30,96336
"Madison County, MT",30057,12,39546
"Mineral County, MT",30061,12,21222
"Missoula County, MT",30063,150,572243
"Park County, MT",30067,33,80001
"Powell County, MT",30077,12,34395
"Ravalli County, MT",30081,60,207877
"Richland County, MT",30083,18,57271
"Roosevelt County, MT",30085,19,56336
"Rosebud County, MT",30087,17,46588
"Sanders County, MT",30089,12,57308
"Silver Bow County, MT",30093,63,172980
"Stillwater County, MT",30095,17,46919
"Valley County, MT",30105,10,37901
"Yellowstone County, MT",30111,193,784261
"Adams County, NE",31001,21,158016
"Box Butte County, NE",31013,13,56062
"Buffalo County, NE",31019,35,244095
"Cass County, NE",31025,17,128049
"Custer County, NE",31041,10,54030
"Dawes County, NE",31045,11,45054
"Dawson County, NE",31047,13,119538
"Dodge County, NE",31053,31,183429
"Douglas County, NE",31055,306,2747179
"Gage County, NE",31067,23,108827
"Hall County, NE",31079,35,307116
"Jefferson County, NE",31095,11,36513
"Knox County, NE",31107,12,42633
"Lancaster County, NE",31109,212,1529294
"Lincoln County, NE",31111,29,178352
"Madison County, NE",31119,25,175650
"Otoe County, NE",31131,16,79641
"Platte County, NE",31141,18,164054
"Saline County, NE",31151,10,71722
"Sarpy County, NE",31153,75,877678
"Saunders County, NE",31155,17,104959
"Scotts Bluff County, NE",31157,24,182359
"Seward County, NE",31159,11,85794
"York County, NE",31185,15,69206
"Churchill County, NV",32001,38,120680
"Clark County, NV",32003,1945,10572093
"Douglas County, NV",32005,56,238693
"Elko County, NV",32007,63,261902
"Humboldt County, NV",32013,26,85329
"Lyon County, NV",32019,86,263232
"Nye County, NV",32023,79,214681
"Pershing County, NV",32027,15,33277
"Washoe County, NV",32031,510,2234915
"White Pine County, NV",32033,17,49176
"Carson City, NV",32510,86,272610
"Belknap County, NH",33001,49,302689
"Carroll County, NH",33003,51,237536
"Cheshire County, NH",33005,71,380368
"Coos County, NH",33007,39,158535
"Grafton County, NH",33009,66,446881
"Hillsborough County, NH",33011,379,2033305
"Merrimack County, NH",33013,130,739812
"Rockingham County, NH",33015,232,1511146
"Strafford County, NH",33017,102,633063
"Sullivan County, NH",33019,50,215135
"Atlantic County, NJ",34001,182,1366199
"Bergen County, NJ",34003,366,4684963
"Burlington County, NJ",34005,247,2248666
"Camden County, NJ",34007,263,2555684
"Cape May County, NJ",34009,60,473951
"Cumberland County, NJ",34011,65,776910
"Essex County, NJ",34013,227,3987921
"Gloucester County, NJ",34015,163,1457231
"Hudson County, NJ",34017,218,3373859
"Hunterdon County, NJ",34019,66,627540
"Mercer County, NJ",34021,145,1859105
"Middlesex County, NJ",34023,299,4185987
"Monmouth County, NJ",34025,297,3139863
"Morris County, NJ",34027,214,2496749
"Ocean County, NJ",34029,308,2948876
"Passaic County, NJ",34031,157,2545996
"Salem County, NJ",34033,49,320289
"Somerset County, NJ",34035,114,1665990
"Sussex County, NJ",34037,99,718778
"Union County, NJ",34039,195,2776503
"Warren County, NJ",34041,73,534580
"Bernalillo County, NM",35001,729,3380183
"Chaves County, NM",35005,66,327613
"Cibola County, NM",35006,29,136353
"Colfax County, NM",35007,15,62615
"Curry County, NM",35009,44,252057
"Dona Ana County, NM",35013,169,1071217
"Eddy County, NM",35015,71,284062
"Grant County, NM",35017,46,143000
"Hidalgo County, NM",35023,12,22244
"Lea County, NM",35025,58,347749
"Lincoln County, NM",35027,32,98055
"Los Alamos County, NM",35028,14,90150
"Luna County, NM",35029,32,122378
"McKinley County, NM",35031,85,371601
"Otero County, NM",35035,87,326287
"Quay County, NM",35037,15,42289
"Rio Arriba County, NM",35039,51,198513
"Roosevelt County, NM",35041,18,96540
"Sandoval County, NM",35043,129,698109
"San Juan County, NM",35045,158,611030
"San Miguel County, NM",35047,43,140255
"Santa Fe County, NM",35049,188,741674
"Sierra County, NM",35051,25,56486
"Socorro County, NM",35053,26,85975
"Taos County, NM",35055,56,164886
"Torrance County, NM",35057,25,77621
"Valencia County, NM",35061,92,379404
"Albany County, NY",36001,149,1542955
"Allegany County, NY",36003,39,237278
"Bronx County, NY",36005,407,7239216
"Broome County, NY",36007,121,980423
"Cattaraugus County, NY",36009,63,390439
"Cayuga County, NY",36011,42,392052
"Chautauqua County, NY",36013,89,654462
"Chemung County, NY",36015,49,435226
"Chenango County, NY",36017,30,244215
"Clinton County, NY",36019,53,406527
"Columbia County, NY",36021,52,307467
"Cortland County, NY",36023,28,242350
"Delaware County, NY",36025,42,229880
"Dutchess County, NY",36027,187,1479290
"Erie County, NY",36029,523,4611853
"Essex County, NY",36031,27,191977
"Franklin County, NY",36033,32,255135
"Fulton County, NY",36035,36,270388
"Genesee County, NY",36037,31,293991
"Greene County, NY",36039,42,239025
"Herkimer County, NY",36043,46,315878
"Jefferson County, NY",36045,75,584435
"Kings County, NY",36047,676,13128598
"Lewis County, NY",36049,27,134742
"Livingston County, NY",36051,37,322064
"Madison County, NY",36053,43,358894
"Monroe County, NY",36055,351,3744432
"Montgomery County, NY",36057,30,247852
"Nassau County, NY",36059,483,6803137
"New York County, NY",36061,680,8215406
"Niagara County, NY",36063,162,1063512
"Oneida County, NY",36065,127,1161478
"Onondaga County, NY",36067,246,2336638
"Ontario County, NY",36069,69,548098
"Orange County, NY",36071,150,1890774
"Orleans County, NY",36073,19,208130
"Oswego County, NY",36075,98,599689
"Otsego County, NY",36077,38,303638
"Putnam County, NY",36079,49,496397
"Queens County, NY",36081,723,11648541
"Rensselaer County, NY",36083,87,799750
"Richmond County, NY",36085,165,2375931
"Rockland County, NY",36087,103,1626454
"St. Lawrence County, NY",36089,55,554031
"Saratoga County, NY",36091,140,1131957
"Schenectady County, NY",36093,86,775790
"Schoharie County, NY",36095,21,157477
"Schuyler County, NY",36097,16,91224
"Seneca County, NY",36099,27,174401
"Steuben County, NY",36101,61,487896
"Suffolk County, NY",36103,690,7489829
"Sullivan County, NY",36105,57,377771
"Tioga County, NY",36107,27,246904
"Tompkins County, NY",36109,57,522907
"Ulster County, NY",36111,109,900228
"Warren County, NY",36113,39,324097
"Washington County, NY",36115,38,311115
"Wayne County, NY",36117,53,457438
"Westchester County, NY",36119,343,4872618
"Wyoming County, NY",36121,36,205016
"Yates County, NY",36123,13,125290
"Alamance County, NC",37001,109,790525
"Alexander County, NC",37003,37,186361
"Alleghany County, NC",37005,13,54534
"Anson County, NC",37007,16,128124
"Ashe County, NC",37009,29,135178
"Avery County, NC",37011,14,88227
"Beaufort County, NC",37013,50,237314
"Bertie County, NC",37015,10,99727
"Bladen County, NC",37017,19,171037
"Brunswick County, NC",37019,88,614752
"Buncombe County, NC",37021,246,1265324
"Burke County, NC",37023,93,446314
"Cabarrus County, NC",37025,124,984553
"Caldwell County, NC",37027,82,408191
"Camden County, NC",37029,16,51826
"Carteret County, NC",37031,75,343895
"Caswell County, NC",37033,11,114769
"Catawba County, NC",37035,134,778833
"Chatham County, NC",37037,46,350158
"Cherokee County, NC",37039,35,137529
"Cleveland County, NC",37045,85,485480
"Columbus County, NC",37047,30,283334
"Craven County, NC",37049,71,518473
"Cumberland County, NC",37051,243,1635710
"Currituck County, NC",37053,26,126775
"Dare County, NC",37055,36,177849
"Davidson County, NC",37057,138,822506
"Davie County, NC",37059,43,209210
"Duplin County, NC",37061,24,297133
"Durham County, NC",37063,134,1501397
"Edgecombe County, NC",37065,28,270722
"Forsyth County, NC",37067,217,1843368
"Franklin County, NC",37069,47,319703
"Gaston County, NC",37071,173,1071136
"Granville County, NC",37077,43,294037
"Guilford County, NC",37081,289,2584612
"Halifax County, NC",37083,30,261955
"Harnett County, NC",37085,92,643428
"Haywood County, NC",37087,60,300288
"Henderson County, NC",37089,116,563261
"Hertford County, NC",37091,14,120965
"Hoke County, NC",37093,28,262982
"Iredell County, NC",37097,115,849685
"Jackson County, NC",37099,41,208379
"Johnston County, NC",37101,117,933208
"Lee County, NC",37105,39,299634
"Lenoir County, NC",37107,37,289695
"Lincoln County, NC",37109,52,404175
"McDowell County, NC",37111,40,225149
"Macon County, NC",37113,37,171041
"Madison County, NC",37115,18,106404
"Martin County, NC",37117,18,116471
"Mecklenburg County, NC",37119,517,5169258
"Mitchell County, NC",37121,19,76083
"Montgomery County, NC",37123,19,137367
"Moore County, NC",37125,75,472056
"Nash County, NC",37127,63,471365
"New Hanover County, NC",37129,164,1100604
"Onslow County, NC",37133,178,940149
"Orange County, NC",37135,65,708868
"Pamlico County, NC",37137,17,64192
"Pasquotank County, NC",37139,31,199204
"Pender County, NC",37141,56,289243
"Perquimans County, NC",37143,12,67316
"Person County, NC",37145,34,196321
"Pitt County, NC",37147,97,881721
"Polk County, NC",37149,33,102026
"Randolph County, NC",37151,130,714852
"Richmond County, NC",37153,36,227312
"Robeson County, NC",37155,89,669639
"Rockingham County, NC",37157,66,457674
"Rowan County, NC",37159,142,696672
"Rutherford County, NC",37161,69,332918
"Sampson County, NC",37163,32,318478
"Scotland County, NC",37165,20,177447
"Stanly County, NC",37167,63,304222
"Stokes County, NC",37169,55,231172
"Surry County, NC",37171,92,363098
"Transylvania County, NC",37175,47,166597
"Union County, NC",37179,115,1112038
"Vance County, NC",37181,32,222445
"Wake County, NC",37183,476,5116172
"Watauga County, NC",37189,38,266881
"Wayne County, NC",37191,70,621493
"Wilkes County, NC",37193,68,343679
"Wilson County, NC",37195,48,408114
"Yadkin County, NC",37197,36,188721
"Yancey County, NC",37199,16,88189
"Benson County, ND",38005,12,34138
"Burleigh County, ND",38015,83,461468
"Cass County, ND",38017,127,854382
"Grand Forks County, ND",38035,49,352111
"McKenzie County, ND",38053,19,58481
"Mercer County, ND",38057,15,43350
"Morton County, ND",38059,28,150727
"Ramsey County, ND",38071,11,57814
"Richland County, ND",38077,12,81877
"Rolette County, ND",38079,18,73037
"Sioux County, ND",38085,14,22067
"Stark County, ND",38089,32,152146
"Stutsman County, ND",38093,19,105567
"Walsh County, ND",38099,14,54730
"Ward County, ND",38101,69,347805
"Williams County, ND",38105,31,164705
"Adams County, OH",39001,23,139891
"Allen County, OH",39003,64,521703
"Ashland County, OH",39005,23,266571
"Ashtabula County, OH",39007,103,493656
"Athens County, OH",39009,33,328063
"Auglaize County, OH",39011,29,229309
"Belmont County, OH",39013,57,344888
"Brown County, OH",39015,43,219554
"Butler County, OH",39017,236,1879924
"Carroll County, OH",39019,23,139327
"Champaign County, OH",39021,33,195157
"Clark County, OH",39023,105,678023
"Clermont County, OH",39025,148,1010987
"Clinton County, OH",39027,23,209608
"Columbiana County, OH",39029,98,523147
"Coshocton County, OH",39031,26,182991
"Crawford County, OH",39033,30,211423
"Cuyahoga County, OH",39035,777,6276769
"Darke County, OH",39037,40,259962
"Defiance County, OH",39039,25,191708
"Delaware County, OH",39041,89,964032
"Erie County, OH",39043,56,377350
"Fairfield County, OH",39045,89,757986
"Fayette County, OH",39047,20,143707
"Franklin County, OH",39049,742,6251877
"Fulton County, OH",39051,24,212408
"Gallia County, OH",39053,29,151148
"Geauga County, OH",39055,56,470347
"Greene County, OH",39057,114,822968
"Guernsey County, OH",39059,36,196640
"Hamilton County, OH",39061,525,4041670
"Hancock County, OH",39063,43,378309
"Hardin County, OH",39065,20,157957
"Harrison County, OH",39067,10,77138
"Henry County, OH",39069,17,138659
"Highland County, OH",39071,37,215370
"Hocking County, OH",39073,33,142695
"Holmes County, OH",39075,16,219293
"Huron County, OH",39077,52,293005
"Jackson County, OH",39079,30,163081
"Jefferson County, OH",39081,50,336068
"Knox County, OH",39083,41,305113
"Lake County, OH",39085,162,1147063
"Lawrence County, OH",39087,52,305770
"Licking County, OH",39089,138,853981
"Logan County, OH",39091,39,226864
"Lorain County, OH",39093,242,1526479
"Lucas County, OH",39095,295,2168743
"Madison County, OH",39097,35,218744
"Mahoning County, OH",39099,171,1158777
"Marion County, OH",39101,54,327043
"Medina County, OH",39103,125,882931
"Meigs County, OH",39105,30,116289
"Mercer County, OH",39107,23,204365
"Miami County, OH",39109,74,521364
"Montgomery County, OH",39113,411,2664001
"Morrow County, OH",39117,20,175289
"Muskingum County, OH",39119,72,429556
"Ottawa County, OH",39123,30,204477
"Paulding County, OH",39125,15,94929
"Perry County, OH",39127,28,179745
"Pickaway County, OH",39129,47,285573
"Pike County, OH",39131,26,141270
"Portage County, OH",39133,107,812217
"Preble County, OH",39135,29,207014
"Putnam County, OH",39137,20,170235
"Richland County, OH",39139,89,607118
"Ross County, OH",39141,64,386552
"Sandusky County, OH",39143,36,298481
"Scioto County, OH",39145,55,384253
"Seneca County, OH",39147,45,277789
"Shelby County, OH",39149,23,244426
"Stark County, OH",39151,343,1872487
"Summit County, OH",39153,449,2707263
"Trumbull County, OH",39155,181,1017573
"Tuscarawas County, OH",39157,64,463093
"Union County, OH",39159,28,273557
"Van Wert County, OH",39161,22,142062
"Warren County, OH",39165,128,1121242
"Washington County, OH",39167,45,304663
"Wayne County, OH",39169,67,579179
"Williams County, OH",39171,23,185712
"Wood County, OH",39173,86,649295
"Wyandot County, OH",39175,15,111190
"Adair County, OK",40001,16,110391
"Atoka County, OK",40005,16,69184
"Beckham County, OK",40009,29,115408
"Bryan County, OK",40013,46,225506
"Caddo County, OK",40015,31,146984
"Canadian County, OK",40017,117,665541
"Carter County, OK",40019,58,242747
"Cherokee County, OK",40021,48,242393
"Choctaw County, OK",40023,18,74951
"Cleveland County, OK",40027,235,1372002
"Coal County, OK",40029,10,28618
"Comanche County, OK",40031,96,618280
"Cotton County, OK",40033,10,30062
"Craig County, OK",40035,20,73024
"Creek County, OK",40037,90,355010
"Custer County, OK",40039,22,146714
"Delaware County, OK",40041,43,208482
"Garfield County, OK",40047,62,313111
"Garvin County, OK",40049,41,138397
"Grady County, OK",40051,60,271785
"Haskell County, OK",40061,16,64303
"Hughes County, OK",40063,18,68232
"Jackson County, OK",40065,19,128282
"Johnston County, OK",40069,14,55220
"Kay County, OK",40071,49,225964
"Kingfisher County, OK",40073,16,77699
"Kiowa County, OK",40075,16,45791
"Latimer County, OK",40077,15,52776
"Le Flore County, OK",40079,60,248744
"Lincoln County, OK",40081,38,174283
"Logan County, OK",40083,43,229066
"Love County, OK",40085,12,49416
"McClain County, OK",40087,40,189915
"McCurtain County, OK",40089,43,164793
"McIntosh County, OK",40091,26,100128
"Major County, OK",40093,14,38669
"Marshall County, OK",40095,19,81027
"Mayes County, OK",40097,50,204348
"Murray County, OK",40099,17,69222
"Muskogee County, OK",40101,77,348531
"Noble County, OK",40103,12,57155
"Okfuskee County, OK",40107,11,61051
"Oklahoma County, OK",40109,673,3869252
"Okmulgee County, OK",40111,43,195863
"Osage County, OK",40113,47,238894
"Ottawa County, OK",40115,40,159334
"Pawnee County, OK",40117,19,82307
"Payne County, OK",40119,60,402886
"Pittsburg County, OK",40121,58,222296
"Pontotoc County, OK",40123,24,190745
"Pottawatomie County, OK",40125,77,359360
"Pushmataha County, OK",40127,15,55771
"Rogers County, OK",40131,74,452871
"Seminole County, OK",40133,21,126480
"Sequoyah County, OK",40135,44,206275
"Stephens County, OK",40137,43,221415
"Texas County, OK",40139,14,107421
"Tillman County, OK",40141,10,37752
"Tulsa County, OK",40143,596,3180455
"Wagoner County, OK",40145,76,384297
"Washington County, OK",40147,47,259554
"Woodward County, OK",40153,21,105582
"Baker County, OR",41001,28,80195
"Benton County, OR",41003,63,440815
"Clackamas County, OR",41005,327,2005484
"Clatsop County, OR",41007,52,190363
"Columbia County, OR",41009,62,250970
"Coos County, OR",41011,93,315527
"Crook County, OR",41013,25,109136
"Curry County, OR",41015,64,112539
"Deschutes County, OR",41017,189,879792
"Douglas County, OR",41019,149,539459
"Grant County, OR",41023,12,35996
"Harney County, OR",41025,12,36053
"Hood River County, OR",41027,15,115306
"Jackson County, OR",41029,260,1065405
"Jefferson County, OR",41031,17,112841
"Josephine County, OR",41033,120,423906
"Klamath County, OR",41035,94,330759
"Lake County, OR",41037,12,39187
"Lane County, OR",41039,402,1821711
"Lincoln County, OR",41041,86,236520
"Linn County, OR",41043,122,606564
"Malheur County, OR",41045,29,152137
"Marion County, OR",41047,241,1658026
"Multnomah County, OR",41051,669,3940462
"Polk County, OR",41053,45,399620
"Tillamook County, OR",41057,32,129145
"Umatilla County, OR",41059,78,383397
"Union County, OR",41061,20,129442
"Wallowa County, OR",41063,11,34487
"Wasco County, OR",41065,25,129319
"Washington County, OR",41067,375,2864056
"Yamhill County, OR",41071,92,515899
"Adams County, PA",42001,76,510071
"Allegheny County, PA",42003,889,6141654
"Armstrong County, PA",42005,60,335072
"Beaver County, PA",42007,123,841947
"Bedford County, PA",42009,41,243392
"Berks County, PA",42011,336,2075149
"Blair County, PA",42013,84,625969
"Bradford County, PA",42015,67,307004
"Bucks County, PA",42017,423,3135768
"Butler County, PA",42019,128,932192
"Cambria County, PA",42021,142,682428
"Carbon County, PA",42025,71,320634
"Centre County, PA",42027,85,798849
"Chester County, PA",42029,317,2573796
"Clarion County, PA",42031,32,194445
"Clearfield County, PA",42033,81,403640
"Clinton County, PA",42035,29,197371
"Columbia County, PA",42037,53,332943
"Crawford County, PA",42039,82,433451
"Cumberland County, PA",42041,179,1229884
"Dauphin County, PA",42043,200,1364790
"Delaware County, PA",42045,393,2816925
"Elk County, PA",42047,35,154222
"Erie County, PA",42049,252,1387530
"Fayette County, PA",42051,129,666950
"Franklin County, PA",42055,103,766700
"Fulton County, PA",42057,12,73161
"Greene County, PA",42059,29,187167
"Huntingdon County, PA",42061,44,228237
"Indiana County, PA",42063,57,433734
"Jefferson County, PA",42065,39,221911
"Juniata County, PA",42067,24,123678
"Lackawanna County, PA",42069,182,1060649
"Lancaster County, PA",42071,302,2680947
"Lawrence County, PA",42073,71,440549
"Lebanon County, PA",42075,99,687529
"Lehigh County, PA",42077,295,1803241
"Luzerne County, PA",42079,296,1591107
"Lycoming County, PA",42081,98,578399
"Mc Kean County, PA",42083,38,211158
"Mercer County, PA",42085,93,568976
"Mifflin County, PA",42087,42,232398
"Monroe County, PA",42089,158,834003
"Montgomery County, PA",42091,536,4096297
"Montour County, PA",42093,14,92354
"Northampton County, PA",42095,252,1506957
"Northumberland County, PA",42097,72,465836
"Perry County, PA",42099,37,228828
"Philadelphia County, PA",42101,793,7829639
"Pike County, PA",42103,51,279984
"Potter County, PA",42105,12,85483
"Schuylkill County, PA",42107,173,723449
"Snyder County, PA",42109,23,201901
"Somerset County, PA",42111,73,377822
"Susquehanna County, PA",42115,44,207719
"Tioga County, PA",42117,28,208874
"Union County, PA",42119,20,224855
"Venango County, PA",42121,46,264899
"Warren County, PA",42123,31,201668
"Washington County, PA",42125,179,1039933
"Wayne County, PA",42127,68,256062
"Westmoreland County, PA",42129,312,1787798
"Wyoming County, PA",42131,31,138777
"York County, PA",42133,385,2212409
"Bristol County, RI",44001,38,245343
"Kent County, RI",44003,100,823338
"Newport County, RI",44005,51,413422
"Providence County, RI",44007,346,3165077
"Washington County, RI",44009,89,631867
"Abbeville County, SC",45001,22,124498
"Aiken County, SC",45003,166,830395
"Anderson County, SC",45007,198,973471
"Barnwell County, SC",45011,13,108631
"Beaufort County, SC",45013,115,897272
"Berkeley County, SC",45015,166,1023846
"Calhoun County, SC",45017,11,74214
"Charleston County, SC",45019,264,1941002
"Cherokee County, SC",45021,52,281854
"Chester County, SC",45023,31,161664
"Chesterfield County, SC",45025,34,230300
"Clarendon County, SC",45027,18,170251
"Colleton County, SC",45029,33,188824
"Darlington County, SC",45031,66,337781
"Dillon County, SC",45033,20,155114
"Dorchester County, SC",45035,128,756573
"Edgefield County, SC",45037,21,132554
"Fairfield County, SC",45039,14,114092
"Florence County, SC",45041,70,693765
"Georgetown County, SC",45043,50,305517
"Greenville County, SC",45045,391,2454484
"Greenwood County, SC",45047,51,349569
"Horry County, SC",45051,265,1553291
"Jasper County, SC",45053,22,138546
"Kershaw County, SC",45055,53,318413
"Lancaster County, SC",45057,61,431604
"Laurens County, SC",45059,58,333010
"Lexington County, SC",45063,235,1410311
"Marion County, SC",45067,24,158771
"Marlboro County, SC",45069,20,137191
"Newberry County, SC",45071,32,189883
"Oconee County, SC",45073,72,379575
"Orangeburg County, SC",45075,57,445619
"Pickens County, SC",45077,140,608230
"Richland County, SC",45079,275,2029014
"Saluda County, SC",45081,13,100819
"Spartanburg County, SC",45083,260,1490130
"Sumter County, SC",45085,54,537765
"Union County, SC",45087,16,138893
"Williamsburg County, SC",45089,10,161385
"York County, SC",45091,203,1260869
"Beadle County, SD",46005,15,90879
"Brookings County, SD",46011,21,168569
"Brown County, SD",46013,29,193406
"Charles Mix County, SD",46023,15,46735
"Codington County, SD",46029,13,139892
"Corson County, SD",46031,12,20929
"Custer County, SD",46033,11,42646
"Davison County, SD",46035,11,99173
"Dewey County, SD",46041,12,28510
"Fall River County, SD",46047,11,34087
"Hughes County, SD",46065,14,87971
"Lake County, SD",46079,11,62763
"Lawrence County, SD",46081,28,125104
"Lincoln County, SD",46083,20,265388
"Lyman County, SD",46085,11,19443
"Meade County, SD",46093,33,136850
"Minnehaha County, SD",46099,171,923653
"Pennington County, SD",46103,107,542218
"Roberts County, SD",46109,18,51469
"Shannon County, SD",46113,40,71478
"Todd County, SD",46121,27,50043
"Yankton County, SD",46135,20,113360
"Anderson County, TN",47001,73,379012
"Bedford County, TN",47003,37,235312
"Benton County, TN",47005,23,80564
"Bledsoe County, TN",47007,16,70666
"Blount County, TN",47009,113,637290
"Bradley County, TN",47011,68,518964
"Campbell County, TN",47013,37,199270
"Cannon County, TN",47015,15,69615
"Carroll County, TN",47017,32,140745
"Carter County, TN",47019,49,283700
"Cheatham County, TN",47021,43,199207
"Chester County, TN",47023,11,86743
"Claiborne County, TN",47025,45,158227
"Clay County, TN",47027,16,38765
"Cocke County, TN",47029,40,176790
"Coffee County, TN",47031,64,270973
"Crockett County, TN",47033,12,72744
"Cumberland County, TN",47035,67,291413
"Davidson County, TN",47037,475,3381491
"DeKalb County, TN",47041,23,96827
"Dickson County, TN",47043,61,257351
"Dyer County, TN",47045,30,189212
"Fayette County, TN",47047,30,196492
"Fentress County, TN",47049,13,89850
"Franklin County, TN",47051,37,207332
"Gibson County, TN",47053,45,246840
"Giles County, TN",47055,41,145253
"Grainger County, TN",47057,18,114628
"Greene County, TN",47059,61,342605
"Grundy County, TN",47061,13,67114
"Hamblen County, TN",47063,74,317574
"Hamilton County, TN",47065,255,1773342
"Hancock County, TN",47067,13,33085
"Hardeman County, TN",47069,14,128860
"Hardin County, TN",47071,27,129185
"Hawkins County, TN",47073,45,283028
"Henderson County, TN",47077,24,139645
"Henry County, TN",47079,48,161321
"Hickman County, TN",47081,20,122173
"Humphreys County, TN",47085,17,91344
"Jackson County, TN",47087,12,57837
"Jefferson County, TN",47089,34,265379
"Johnson County, TN",47091,26,89111
"Knox County, TN",47093,347,2262582
"Lauderdale County, TN",47097,21,134160
"Lawrence County, TN",47099,36,213305
"Lewis County, TN",47101,26,59660
"Lincoln County, TN",47103,34,168409
"Loudon County, TN",47105,41,255955
"McMinn County, TN",47107,49,263333
"McNairy County, TN",47109,36,130412
"Macon County, TN",47111,30,116410
"Madison County, TN",47113,74,489827
"Marion County, TN",47115,27,142139
"Marshall County, TN",47117,27,158797
"Maury County, TN",47119,68,439177
"Meigs County, TN",47121,10,59253
"Monroe County, TN",47123,45,228479
"Montgomery County, TN",47125,171,963475
"Morgan County, TN",47129,21,108263
"Obion County, TN",47131,25,153674
"Overton County, TN",47133,30,110295
"Perry County, TN",47135,13,39559
"Polk County, TN",47139,22,83722
"Putnam County, TN",47141,78,375848
"Rhea County, TN",47143,35,162813
"Roane County, TN",47145,70,264458
"Robertson County, TN",47147,67,343374
"Rutherford County, TN",47149,193,1493955
"Scott County, TN",47151,32,109888
"Sequatchie County, TN",47153,19,73829
"Sevier County, TN",47155,102,478937
"Shelby County, TN",47157,441,4687901
"Smith County, TN",47159,16,96461
"Stewart County, TN",47161,25,66437
"Sullivan County, TN",47163,142,784258
"Sumner County, TN",47165,156,881191
"Tipton County, TN",47167,58,307748
"Trousdale County, TN",47169,10,42226
"Unicoi County, TN",47171,15,89383
"Union County, TN",47173,29,95916
"Warren County, TN",47177,39,201536
"Washington County, TN",47179,95,633336
"Wayne County, TN",47181,14,83896
"Weakley County, TN",47183,39,169627
"White County, TN",47185,34,132472
"Williamson County, TN",47187,129,1061163
"Wilson County, TN",47189,110,645455
"Anderson County, TX",48001,66,288620
"Andrews County, TX",48003,19,87863
"Angelina County, TX",48005,58,439042
"Aransas County, TX",48007,31,125971
"Atascosa County, TX",48013,33,241080
"Austin County, TX",48015,40,147068
"Bandera County, TX",48019,18,106889
"Bastrop County, TX",48021,80,401915
"Bee County, TX",48025,35,163849
"Bell County, TX",48027,261,1679168
"Bexar County, TX",48029,1072,9458487
"Blanco County, TX",48031,17,55557
"Bosque County, TX",48035,22,89949
"Bowie County, TX",48037,88,468023
"Brazoria County, TX",48039,226,1731330
"Brazos County, TX",48041,104,1070600
"Brewster County, TX",48043,12,46141
"Brown County, TX",48049,38,189622
"Burleson County, TX",48051,20,87653
"Burnet County, TX",48053,29,227276
"Caldwell County, TX",48055,29,203063
"Calhoun County, TX",48057,16,109207
"Callahan County, TX",48059,17,68361
"Cameron County, TX",48061,146,2105684
"Cass County, TX",48067,31,151292
"Chambers County, TX",48071,37,195160
"Cherokee County, TX",48073,42,257230
"Clay County, TX",48077,13,51817
"Collin County, TX",48085,518,4563334
"Colorado County, TX",48089,18,104592
"Comal County, TX",48091,115,647019
"Cooke County, TX",48097,48,195618
"Coryell County, TX",48099,68,376856
"Dallas County, TX",48113,1313,12745486
"Dawson County, TX",48115,11,66626
"Deaf Smith County, TX",48117,14,94990
"Denton County, TX",48121,418,3905164
"DeWitt County, TX",48123,18,103075
"Duval County, TX",48131,17,57262
"Eastland County, TX",48133,18,91277
"Ector County, TX",48135,113,777267
"Ellis County, TX",48139,97,821044
"El Paso County, TX",48141,407,4175126
"Erath County, TX",48143,34,204555
"Fannin County, TX",48147,51,169581
"Fayette County, TX",48149,10,125185
"Fort Bend County, TX",48157,323,3559862
"Freestone County, TX",48161,23,98348
"Frio County, TX",48163,10,93945
"Gaines County, TX",48165,14,99513
"Galveston County, TX",48167,249,1607672
"Gillespie County, TX",48171,31,130007
"Goliad County, TX",48175,11,37624
"Gonzales County, TX",48177,11,103116
"Gray County, TX",48179,19,114426
"Grayson County, TX",48181,122,630729
"Gregg County, TX",48183,97,617448
"Grimes County, TX",48185,19,137296
"Guadalupe County, TX",48187,88,756606
"Hale County, TX",48189,22,173241
"Hardin County, TX",48199,47,280364
"Harris County, TX",48201,2286,22559159
"Harrison County, TX",48203,57,334163
"Hays County, TX",48209,120,974745
"Henderson County, TX",48213,83,398475
"Hidalgo County, TX",48215,257,4199877
"Hill County, TX",48217,36,175455
"Hockley County, TX",48219,20,116903
"Hood County, TX",48221,49,277379
"Hopkins County, TX",48223,27,180605
"Houston County, TX",48225,21,114212
"Howard County, TX",48227,37,182752
"Hunt County, TX",48231,85,451330
"Hutchinson County, TX",48233,20,108212
"Jackson County, TX",48239,12,73820
"Jasper County, TX",48241,26,177916
"Jefferson County, TX",48245,167,1269879
"Jim Wells County, TX",48249,36,206435
"Johnson County, TX",48251,116,802728
"Jones County, TX",48253,33,99757
"Kaufman County, TX",48257,80,575727
"Kendall County, TX",48259,36,203596
"Kerr County, TX",48265,59,254694
"Lamar County, TX",48277,37,247767
"Lamb County, TX",48279,13,67219
"Lampasas County, TX",48281,23,102753
"Lavaca County, TX",48285,15,99009
"Lee County, TX",48287,14,84506
"Leon County, TX",48289,20,85231
"Liberty County, TX",48291,68,400040
"Limestone County, TX",48293,20,117165
"Live Oak County, TX",48297,17,60417
"Llano County, TX",48299,14,100322
"Lubbock County, TX",48303,224,1491113
"McLennan County, TX",48309,141,1229786
"Marion County, TX",48315,13,50755
"Matagorda County, TX",48321,28,183908
"Maverick County, TX",48323,15,286562
"Medina County, TX",48325,29,243059
"Midland County, TX",48329,101,795989
"Milam County, TX",48331,23,122860
"Montague County, TX",48337,23,97134
"Montgomery County, TX",48339,426,2682780
"Moore County, TX",48341,15,110761
"Morris County, TX",48343,11,63153
"Nacogdoches County, TX",48347,42,327681
"Navarro County, TX",48349,52,241780
"Newton County, TX",48351,20,70219
"Nolan County, TX",48353,10,75000
"Nueces County, TX",48355,231,1790614
"Ochiltree County, TX",48357,11,52690
"Orange County, TX",48361,73,420661
"Palo Pinto County, TX",48363,28,140503
"Panola County, TX",48365,20,118140
"Parker County, TX",48367,112,633528
"Pecos County, TX",48371,10,79397
"Polk County, TX",48373,52,235919
"Potter County, TX",48375,118,606380
"Rains County, TX",48379,11,56334
"Randall County, TX",48381,130,651906
"Red River County, TX",48387,11,61807
"Rockwall County, TX",48397,66,454681
"Rusk County, TX",48401,42,266180
"Sabine County, TX",48403,10,51843
"San Jacinto County, TX",48407,22,137345
"San Patricio County, TX",48409,55,335279
"Scurry County, TX",48415,12,86628
"Shelby County, TX",48419,25,127801
"Smith County, TX",48423,195,1110875
"Somervell County, TX",48425,11,43711
"Starr County, TX",48427,27,317289
"Stephens County, TX",48429,13,47335
"Tarrant County, TX",48439,1172,9910746
"Taylor County, TX",48441,129,678136
"Terry County, TX",48445,11,63735
"Titus County, TX",48449,21,163206
"Tom Green County, TX",48451,86,586072
"Travis County, TX",48453,734,5874678
"Trinity County, TX",48455,13,72128
"Tyler County, TX",48457,29,107088
"Upshur County, TX",48459,42,203091
"Uvalde County, TX",48463,21,135705
"Val Verde County, TX",48465,19,244671
"Van Zandt County, TX",48467,57,268475
"Victoria County, TX",48469,85,458042
"Walker County, TX",48471,65,353034
"Waller County, TX",48473,40,242111
"Ward County, TX",48475,11,57662
"Washington County, TX",48477,14,173449
"Webb County, TX",48479,69,1344876
"Wharton County, TX",48481,28,207573
"Wichita County, TX",48485,132,659945
"Wilbarger County, TX",48487,18,64787
"Willacy County, TX",48489,11,109121
"Williamson County, TX",48491,325,2545041
"Wilson County, TX",48493,31,237124
"Winkler County, TX",48495,11,38899
"Wise County, TX",48497,47,316166
"Wood County, TX",48499,41,217055
"Young County, TX",48503,21,91092
"Beaver County, UT",49001,13,32123
"Box Elder County, UT",49003,56,261627
"Cache County, UT",49005,79,603226
"Carbon County, UT",49007,41,102821
"Davis County, UT",49011,274,1677747
"Duchesne County, UT",49013,34,101913
"Emery County, UT",49015,20,52043
"Garfield County, UT",49017,10,25180
"Grand County, UT",49019,11,47558
"Iron County, UT",49021,44,243355
"Juab County, UT",49023,22,53688
"Kane County, UT",49025,11,36546
"Millard County, UT",49027,17,63470
"Salt Lake County, UT",49035,1200,5535780
"San Juan County, UT",49037,13,78247
"Sanpete County, UT",49039,33,144936
"Sevier County, UT",49041,35,105192
"Summit County, UT",49043,34,198637
"Tooele County, UT",49045,73,317601
"Uintah County, UT",49047,51,181873
"Utah County, UT",49049,424,2886794
"Wasatch County, UT",49051,24,145946
"Washington County, UT",49053,194,781257
"Weber County, UT",49057,318,1221968
"Addison County, VT",50001,16,184570
"Bennington County, VT",50003,37,181206
"Caledonia County, VT",50005,42,153415
"Chittenden County, VT",50007,108,805331
"Franklin County, VT",50011,42,243675
"Lamoille County, VT",50015,32,126054
"Orange County, VT",50017,23,144566
"Orleans County, VT",50019,21,135055
"Rutland County, VT",50021,61,298841
"Washington County, VT",50023,61,293723
"Windham County, VT",50025,57,216971
"Windsor County, VT",50027,53,278414
"Accomack County, VA",51001,29,164634
"Albemarle County, VA",51003,63,527772
"Amelia County, VA",51007,17,64436
"Amherst County, VA",51009,19,159360
"Appomattox County, VA",51011,11,77104
"Arlington County, VA",51013,98,1145993
"Augusta County, VA",51015,81,372229
"Bedford County, VA",51019,70,380066
"Botetourt County, VA",51023,29,165872
"Brunswick County, VA",51025,14,82656
"Buchanan County, VA",51027,23,113171
"Buckingham County, VA",51029,11,85194
"Campbell County, VA",51031,50,275168
"Caroline County, VA",51033,38,149699
"Carroll County, VA",51035,37,148467
"Charlotte County, VA",51037,13,60979
"Chesterfield County, VA",51041,242,1678539
"Clarke County, VA",51043,19,72016
"Culpeper County, VA",51047,41,248469
"Dickenson County, VA",51051,28,75659
"Dinwiddie County, VA",51053,26,139967
"Fairfax County, VA",51059,512,5697781
"Fauquier County, VA",51061,59,342771
"Floyd County, VA",51063,15,78243
"Fluvanna County, VA",51065,14,131027
"Franklin County, VA",51067,45,281471
"Frederick County, VA",51069,82,417800
"Giles County, VA",51071,11,84142
"Gloucester County, VA",51073,38,185624
"Goochland County, VA",51075,24,111168
"Grayson County, VA",51077,14,77038
"Greene County, VA",51079,11,95980
"Halifax County, VA",51083,29,175281
"Hanover County, VA",51085,74,516790
"Henrico County, VA",51087,210,1620089
"Henry County, VA",51089,50,259251
"Isle of Wight County, VA",51093,31,181125
"James City County, VA",51095,45,366174
"King George County, VA",51099,28,128133
"King William County, VA",51101,21,81594
"Lancaster County, VA",51103,15,54917
"Lee County, VA",51105,21,122815
"Loudoun County, VA",51107,206,1872383
"Louisa County, VA",51109,21,173991
"Lunenburg County, VA",51111,15,61800
"Madison County, VA",51113,13,65846
"Mathews County, VA",51115,12,44156
"Mecklenburg County, VA",51117,25,155277
"Middlesex County, VA",51119,13,53521
"Montgomery County, VA",51121,56,488265
"Nelson County, VA",51125,19,74236
"New Kent County, VA",51127,22,102749
"Northampton County, VA",51131,11,60386
"Nottoway County, VA",51135,10,78054
"Orange County, VA",51137,41,176706
"Page County, VA",51139,30,118780
"Patrick County, VA",51141,26,90265
"Pittsylvania County, VA",51143,58,309948
"Powhatan County, VA",51145,24,141783
"Prince Edward County, VA",51147,17,114673
"Prince George County, VA",51149,34,188102
"Prince William County, VA",51153,211,2254628
"Pulaski County, VA",51155,30,171548
"Roanoke County, VA",51161,78,469479
"Rockbridge County, VA",51163,21,112039
"Rockingham County, VA",51165,61,394476
"Russell County, VA",51167,28,138596
"Scott County, VA",51169,23,110945
"Shenandoah County, VA",51171,44,215295
"Smyth County, VA",51173,30,156395
"Spotsylvania County, VA",51177,77,652054
"Stafford County, VA",51179,82,709793
"Tazewell County, VA",51185,41,213699
"Warren County, VA",51187,41,195487
"Washington County, VA",51191,67,272828
"Westmoreland County, VA",51193,15,88090
"Wise County, VA",51195,43,198056
"Wythe County, VA",51197,25,145482
"York County, VA",51199,36,336163
"Alexandria city, VA",51510,71,768823
"Bristol city, VA",51520,13,85416
"Charlottesville city, VA",51540,20,231470
"Chesapeake city, VA",51550,160,1177708
"Colonial Heights city, VA",51570,19,88787
"Covington city, VA",51580,13,28327
"Danville city, VA",51590,33,210461
"Fairfax city, VA",51600,18,120730
"Fredericksburg city, VA",51630,21,141257
"Hampton city, VA",51650,78,680111
"Harrisonburg city, VA",51660,31,263704
"Hopewell city, VA",51670,23,112093
"Lexington city, VA",51678,10,35894
"Lynchburg city, VA",51680,43,398080
"Manassas city, VA",51683,21,208534
"Martinsville city, VA",51690,15,67698
"Newport News city, VA",51700,109,908583
"Norfolk city, VA",51710,149,1227778
"Petersburg city, VA",51730,22,161348
"Portsmouth city, VA",51740,65,478234
"Richmond city, VA",51760,116,1102458
"Roanoke city, VA",51770,93,497287
"Salem city, VA",51775,35,127625
"Staunton city, VA",51790,24,122195
"Suffolk city, VA",51800,50,440205
"Virginia Beach city, VA",51810,278,2255241
"Waynesboro city, VA",51820,19,108334
"Winchester city, VA",51840,21,137491
"Adams County, WA",53001,10,96244
"Asotin County, WA",53003,27,111245
"Benton County, WA",53005,155,953138
"Chelan County, WA",53007,51,377070
"Clallam County, WA",53009,99,368557
"Clark County, WA",53011,379,2295981
"Cowlitz County, WA",53015,110,519531
"Douglas County, WA",53017,21,203081
"Ferry County, WA",53019,17,38103
"Franklin County, WA",53021,38,445539
"Grant County, WA",53025,53,466988
"Grays Harbor County, WA",53027,72,357343
"Island County, WA",53029,75,404464
"Jefferson County, WA",53031,49,153143
"King County, WA",53033,1302,10580160
"Kitsap County, WA",53035,219,1299507
"Kittitas County, WA",53037,39,218627
"Klickitat County, WA",53039,18,105865
"Lewis County, WA",53041,78,381357
"Lincoln County, WA",53043,11,51801
"Mason County, WA",53045,68,308139
"Okanogan County, WA",53047,41,207295
"Pacific County, WA",53049,24,104782
"Pend Oreille County, WA",53051,11,65446
"Pierce County, WA",53053,793,4233701
"San Juan County, WA",53055,21,81196
"Skagit County, WA",53057,108,610348
"Skamania County, WA",53059,13,57300
"Snohomish County, WA",53061,579,3867250
"Spokane County, WA",53063,486,2459885
"Stevens County, WA",53065,50,220040
"Thurston County, WA",53067,250,1353585
"Walla Walla County, WA",53071,48,300619
"Whatcom County, WA",53073,181,1065192
"Whitman County, WA",53075,29,239471
"Yakima County, WA",53077,163,1243390
"Barbour County, WV",54001,18,83568
"Berkeley County, WV",54003,109,559549
"Boone County, WV",54005,28,116475
"Braxton County, WV",54007,14,72088
"Brooke County, WV",54009,24,116037
"Cabell County, WV",54011,87,482031
"Calhoun County, WV",54013,12,37190
"Doddridge County, WV",54017,12,41884
"Fayette County, WV",54019,40,223572
"Grant County, WV",54023,12,58614
"Greenbrier County, WV",54025,37,177176
"Hampshire County, WV",54027,21,117053
"Hancock County, WV",54029,34,149256
"Hardy County, WV",54031,11,69301
"Harrison County, WV",54033,74,342658
"Jackson County, WV",54035,14,145669
"Jefferson County, WV",54037,37,279974
"Kanawha County, WV",54039,220,939364
"Lewis County, WV",54041,15,81849
"Lincoln County, WV",54043,15,106592
"Logan County, WV",54045,35,172667
"McDowell County, WV",54047,38,98756
"Marion County, WV",54049,40,283471
"Marshall County, WV",54051,28,159836
"Mason County, WV",54053,15,134805
"Mercer County, WV",54055,86,305154
"Mineral County, WV",54057,30,137366
"Mingo County, WV",54059,25,125682
"Monongalia County, WV",54061,59,519625
"Monroe County, WV",54063,10,67343
"Morgan County, WV",54065,22,87793
"Nicholas County, WV",54067,32,127740
"Ohio County, WV",54069,37,214672
"Pleasants County, WV",54073,11,37988
"Preston County, WV",54077,31,169024
"Putnam County, WV",54079,43,284001
"Raleigh County, WV",54081,85,386207
"Randolph County, WV",54083,28,145761
"Ritchie County, WV",54085,10,49715
"Roane County, WV",54087,17,72006
"Summers County, WV",54089,15,66084
"Tucker County, WV",54093,10,34702
"Upshur County, WV",54097,24,123277
"Wayne County, WV",54099,30,204214
"Wetzel County, WV",54103,13,79085
"Wood County, WV",54107,84,430005
"Wyoming County, WV",54109,32,110741
"Adams County, WI",55001,26,100885
"Ashland County, WI",55003,14,79176
"Barron County, WI",55005,33,227357
"Bayfield County, WI",55007,22,75017
"Brown County, WI",55009,220,1292427
"Burnett County, WI",55013,12,76385
"Calumet County, WI",55015,29,248490
"Chippewa County, WI",55017,62,317585
"Clark County, WI",55019,21,172719
"Columbia County, WI",55021,61,284186
"Crawford County, WI",55023,13,81715
"Dane County, WI",55025,340,2617555
"Dodge County, WI",55027,70,441274
"Door County, WI",55029,26,138286
"Douglas County, WI",55031,35,217979
"Dunn County, WI",55033,22,222321
"Eau Claire County, WI",55035,91,511743
"Fond du Lac County, WI",55039,85,510222
"Grant County, WI",55043,29,259361
"Green County, WI",55045,21,185265
"Green Lake County, WI",55047,13,94130
"Iowa County, WI",55049,17,118756
"Jackson County, WI",55053,20,102941
"Jefferson County, WI",55055,60,422920
"Juneau County, WI",55057,35,132016
"Kenosha County, WI",55059,124,840966
"Kewaunee County, WI",55061,13,102165
"La Crosse County, WI",55063,111,589332
"Lafayette County, WI",55065,13,83942
"Langlade County, WI",55067,25,96589
"Lincoln County, WI",55069,16,140897
"Manitowoc County, WI",55071,83,399331
"Marathon County, WI",55073,96,678399
"Marinette County, WI",55075,38,204593
"Marquette County, WI",55077,21,75676
"Milwaukee County, WI",55079,562,4773697
"Monroe County, WI",55081,25,227474
"Oconto County, WI",55083,29,187153
"Oneida County, WI",55085,28,177674
"Outagamie County, WI",55087,143,916181
"Ozaukee County, WI",55089,50,439117
"Pierce County, WI",55093,19,205962
"Polk County, WI",55095,44,217285
"Portage County, WI",55097,55,352191
"Price County, WI",55099,17,68081
"Racine County, WI",55101,157,976495
"Rock County, WI",55105,136,807304
"Rusk County, WI",55107,14,71130
"St. Croix County, WI",55109,61,436934
"Sauk County, WI",55111,43,318113
"Sawyer County, WI",55113,23,82113
"Shawano County, WI",55115,32,206523
"Sheboygan County, WI",55117,92,576552
"Taylor County, WI",55119,10,102365
"Trempealeau County, WI",55121,24,147746
"Vernon County, WI",55123,18,152770
"Vilas County, WI",55125,27,107271
"Walworth County, WI",55127,73,515317
"Washburn County, WI",55129,20,78338
"Washington County, WI",55131,94,669061
"Waukesha County, WI",55133,278,1984494
"Waupaca County, WI",55135,48,259054
"Waushara County, WI",55137,12,121071
"Winnebago County, WI",55139,126,848898
"Wood County, WI",55141,61,367235
"Albany County, WY",56001,30,189777
"Big Horn County, WY",56003,13,59857
"Campbell County, WY",56005,54,240761
"Carbon County, WY",56007,27,78082
"Converse County, WY",56009,15,70646
"Crook County, WY",56011,11,36750
"Fremont County, WY",56013,60,202061
"Goshen County, WY",56015,12,67277
"Johnson County, WY",56019,12,42748
"Laramie County, WY",56021,113,485782
"Lincoln County, WY",56023,18,94028
"Natrona County, WY",56025,109,405361
"Park County, WY",56029,44,146365
"Platte County, WY",56031,17,43618
"Sheridan County, WY",56033,46,150275
"Sublette County, WY",56035,17,49565
"Sweetwater County, WY",56037,50,222572
"Teton County, WY",56039,12,114779
"Uinta County, WY",56041,22,104060
